Clones	Proportion	CDR3.nt	CDR3.aa	V.name	D.name	J.name	V.end	D.start	D.end	J.start	VJ.ins	VD.ins	DJ.ins	Sequence
41	0.123123123123123	TGTGCCACCTGGGACTTGCATAAGAAACTCTTT	CATWDLHKKLF	TRGV3, TRGV5		TRGJ1, TRGJ2	250	NA	NA	254	3	NA	NA	GTCATCTGCTGAAATCACTTGCGATCTTACTGTAACAAATACCTTCTACATCCACTGGTACCTACACCAGGAGGGGAAGGCCCCACAGCGTCTTCTGTACTATGACGTCTCCACCGCAAGGGATGTGTTGGAATCAGGACTCAGTCCAGGAAAGTATTATACTCATACACCCAGGAGGTGGAGCTGGATATTGAGACTGCAAAATCTAATTGAAAATGATTCTGGGGTCTATTACTGTGCCACCTGGGACTTGCATAAGAAACTCTTTGGCAGTGGAACAACACTTGTTGTCACAGATAAACAACTTGATGCAGATGTTTCCCCCAAGCCCACTATTTTTCTTCCTTCGATTGCTGAAACAAAACTCCAGAAGGCTGGAACATATCTT
31	0.0930930930930931	TGTGCCACCTGGGATTCCAATTATTATAAGAAACTCTTT	CATWDSNYYKKLF	TRGV4		TRGJ1, TRGJ2	250	NA	NA	248	NA	NA	NA	GTCATCTGCTGAAATCACTTGTGATCTTGCTGAAGGAAGTACCGGCTACATCCACTGGTACCTACACCAGGAGGGGAAGGCCCCACAGCGTCTTCTGTACTATGACTCCTACACCTCCAGCGTTGTGTTGGAATCAGGAATCAGCCCAGGGAAGTATGATACTTATGGAAGCACAAGGAAGAACTTGAGAATGATACTGCGAAATCTTATTGAAAATGACTCTGGAGTCTATTACTGTGCCACCTGGGATTCCAATTATTATAAGAAACTCTTTGGCAGTGGAACAACACTTGTTGTCACAGATAAACAACTTGATGCAGATGTTTCCCCCAAGCCCACTATTTTTCTTCCTTCAATTGCTGAAACAAAACTCCAGAAGGCTGGAACATATCTT
18	0.0540540540540541	TGTGCTGGGACGGATTATAAGAAACTCTTT	CAGTDYKKLF	TRGV4		TRGJ1, TRGJ2	240	NA	NA	248	7	NA	NA	GTCATCTGCTGAAATCACTTGTGATCTTGCTGAAGGAAGTACCGGCTACATCCACTGGTACCTACACCAGGAGGGGAAGGCCCCACAGCGTCTTCTGTACTATGACTCCTACACCTCCAGCGTTGTGTTGGAATCAGGAATCAGCCCAGGGAAGTATGATACTTACGGAAGCACAAGGAAGAACTTGAGAATGATACTGCGAAATCTTATTGAAAATGACTCTGGAGTCTATTACTGTGCTGGGACGGATTATAAGAAACTCTTTGGCAGTGGAACAACACTTGTTGTCACAGATAAACAACTTGATGCAGATGTTTCCCCCAAGCCCACTATTTTTCTTCCTTCGATTGCTGAAACAAAACTCCAGAAGGCTGGAACATACCTTT
14	0.042042042042042	TGTGCCTTGTGGGAGGTTCCCTATCAAGAGTTGGGCAAAAAAATCAAGGTATTT	CALWEVPYQELGKKIKVF	TRGV9		TRGJP	256	NA	NA	263	6	NA	NA	AAACAGCCCGCCTGGAATGTGTGGTGTCTGGAATAACAATTTCTGCAACATCTGTATATTGGTATCGAGAGAGACCTGGTGAAGTCATACAGTTCCTGGTGTCCATTTCATATGACGGCACTGTCAGAAAGGAATCCGGCATTCCGTCAGGCAAATTTGAGGTGGATAGGATACCTGAAACGTCTACATCCACTCTCACCATTCACAATGTAGAGAAACAGGACATAGCTACCTACTACTGTGCCTTGTGGGAGGTTCCCTATCAAGAGTTGGGCAAAAAAATCAAGGTATTTGGTCCCGGAACAAAGCTTATCATTACAGATAAACAACTTGATGCAGATGTTTCCCCCAAGCCCACTATTTTTCTTCCTTCAATTGCTGAAACAAAGCTCCAGAAGGCTGGAACATACCTT
12	0.036036036036036	TGTGCCTTGTGGGAGGTGCAGGGGCAAGAGTTGGGCAAAAAAATCAAGGTATTT	CALWEVQGQELGKKIKVF	TRGV9		TRGJP	259	NA	NA	257	NA	NA	NA	AAACAGCCCGCCTGGAATGTGTGGTGTCTGGAATAACAATTTCTGCAACATCTGTATATTGGTATCGAGAGAGACCTGGTGAAGTCATACAGTTCCTGGTGTCCATTTCATATGACGGCACTGTCAGAAAGGAATCCGGCATTCCGTCAGGCAAATTTGAGGTGGATAGGATACCTGAAACGTCTACATCCACTCTCACCATTCACAATGTAGAGAAACAGGACATAGCTACCTACTACTGTGCCTTGTGGGAGGTGCAGGGGCAAGAGTTGGGCAAAAAAATCAAGGTATTTGGTCCCGGAACAAAGCTTATCATTACAGATAAACAACTTGATGCAGATGTTTCCCCCAAGCCCACTATTTTTCTTCCTTCAATTGCTGAAACAAAGCTCCAGAAGGCTGGAACATACCTT
12	0.036036036036036	TGTGCCACCTGGGACGGGCTGAATTATTATAAGAAACTCTTT	CATWDGLNYYKKLF	TRGV2		TRGJ1, TRGJ2	254	NA	NA	255	0	NA	NA	GTCATCTGCTGAAATCACTTGTGATCTTGCTGAAGGAAGTAACGGCTACATCCACTGGTACCTACACCAGGAGGGGAAGGCCCCACAGCGTCTTCAGTACTATGACTCCTACAACTCCAAGGTTGTGTTGGAATCAGGAGTCAGTCCAGGGAAGTATTATACTTACGCAAGCACAAGGAACAACTTGAGATTGATACTGCGAAATCTAATTGAAAATGACTCTGGGGTCTATTACTGTGCCACCTGGGACGGGCTGAATTATTATAAGAAACTCTTTGGCAGTGGAACAACACTTGTTGTCACAGATAAACAACTTGATGCAGATGTTTCCCCCAAGCCCACTATTTTTCTTCCTTCAATTGCTGAAACAAAACTCCAGAAGGCTGGAACATACCTT
12	0.036036036036036	TGTGCTGGGATGGGCCCTATGGGTTATTATAAGAAACTCTTT	CAGMGPMGYYKKLF	TRGV4		TRGJ1, TRGJ2	252	NA	NA	258	5	NA	NA	GTCATCTGCTGAAATCACTTGTGATCTTGCTGAAGGAAGTACCGGCTACATCCACTGGTACCTACACCAGGAGGGGAAGGCCCCACAGCGTCTTCTGTACTATGACTCCTACACCTCCAGCGTTGTGTTGGAATCAGGAATCAGCCCAGGGAAGTATGATACTTACGGAAGCACAAGGAAGAACTTGAGAATGATACTGCGAAATCTTATTGAAAATGACTCTGGAGTCTATTACTGTGCTGGGATGGGCCCTATGGGTTATTATAAGAAACTCTTTGGCAGTGGAACAACACTTGTTGTCACAGATAAACAACTTGATGCAGATGTTTCCCCCAAGCCCACTATTTTTCTTCCTTCGATTGCTGAAACAAAACTCCAGAAGGCTGGAACATACCTT
6	0.018018018018018	TGTGCCACCTGGGACGGGCCGAATTATTATAAGAAACTCTTT	CATWDGPNYYKKLF	TRGV2		TRGJ1, TRGJ2	255	NA	NA	254	NA	NA	NA	GTCATCTGCTGAAATCACTTGTGATCTTGCTGAAGGAAGTAACGGCTACATCCACTGGTACCTACACCAGGAGGGGAAGGCCCCACAGCGTCTTCAGTACTATGACTCCTACAACTCCAAGGTTGTGTTGGAATCAGGAGTCAGTCCAGGGAAGTATTATACTTACGCAAGCACAAGGAACAACTTGAGATTGATACTGCGAAATCTAATTGAAAATGACTTTGGGGTCTATTACTGTGCCACCTGGGACGGGCCGAATTATTATAAGAAACTCTTTGGCAGTGGAACAACACTTGTTGTCACAGATAAACAACTTGATGCAGATGTTTCCCCCAAGCCCACTATTTTTCTTCCTTCGATTGCTGAAACAAAACTCCAGAAGGCTGGAACATACCTT
6	0.018018018018018	TGTGCCACCTGGGACCCGTTTTTCGTTTATTATAAGAAACTCTTT	CATWDPFFVYYKKLF	TRGV2		TRGJ1, TRGJ2	250	NA	NA	261	10	NA	NA	GTCATCTGCTGAAATCACTTGTGATCTTGCTGAAGGAAGTAACGGCTACATCCACTGGTACCTACACCAGGAGGGGAAGGCCCCACAGCGTCTTCAGTACTATGACTCCTACAACTCCAAGGTTGTGTTGGAATCAGGAGTCAGTCCAGGGAAGTATTATACTTACGCAAGCACAAGGAACAACTTGAGATTGATACTGCGAAATCTAATTGAAAATGACTCTGGGGTCTATTACTGTGCCACCTGGGACCCGTTTTTCGTTTATTATAAGAAACTCTTTGGCAGTGGAACAACACTTGTTGTCACAGATAAACAACTTGATGCAGATGTTTCCCCCAAGCCCACTATTTTTCTTCCTTCAATTGCTGAAACAAAACTCCAGAAGGCTGGAACATACCTT
5	0.015015015015015	TGTGCCTTGTGGGGGGTAGAGTTGGGCAAAAAAATCAAGGTATTT	CALWGVELGKKIKVF	TRGV9		TRGJP	256	NA	NA	256	NA	NA	NA	AAACAGCCCGCCTGGAATGTGTGGTGTCTGGAATAACAATTTCTGCAACATCTGTATATTGGTATCGAGAGAGACCTGGTGAAGTCATACAGTTCCTGGTGTCCATTTCATATGACGGCACTGTCAGAAAGGAATCCGGCATTCCGTCAGGCAAATTTGAGGTGGATAGGATACCTGAAACGTCTACATCCACTCTCACCATTCACAATGTAGAGAAACAGGACATAGCTACCTACTACTGTGCCTTGTGGGGGGTAGAGTTGGGCAAAAAAATCAAGGTATTTGGTCCCGGAACAAAGCTTATCATTACAGATAAACAACTTGATGCAGATGTTTCCCCCAAGCCCACTATTTTTCTTCCTTCAATTGCTGAAACAAAGCTCCAGAAGGCTGGAACATACCTT
5	0.015015015015015	TGTGCCACCCCCCCGAATTATTATAAGAAACTCTTT	CATPPNYYKKLF	TRGV4		TRGJ1, TRGJ2	244	NA	NA	248	3	NA	NA	GTCATCTGCTGAAATCACTTGTGATCTTGCTGAAGGAAGTACCGGCTACATCCACTGGTACCTACACCAGGAGGGGAAGGCCCCACAGCGTCTTCTGTACTATGACTCCTACACCTCCAGCGTTGTGTTGGAATCAGGAATCAGCCCAGGGAAGTATGATACTTATGGAAGCACAAGGAAGAACTTGAGAATGATACTGCGAAATCTTATTGAAAATGACTCTGGAGTCTATTACTGTGCCACCCCCCCGAATTATTATAAGAAACTCTTTGGCAGTGGAACAACACTTGTTGTCACAGATAAACAACTTGATGCAGATGTTTCCCCCAAGCCCACTATTTTTCTTCCTTCAATTGCTGAAACAAAACTCCAGAAGGCTGGAACATACCTT
4	0.012012012012012	TGTGCCTTGTGGGAGCATCAAGAGTTGGGCAAAAAAATCAAGGTATTT	CALWEHQELGKKIKVF	TRGV9		TRGJP	254	NA	NA	257	2	NA	NA	AAACAGCCCGCCTGGAATGTGTGGTATCTGGAATAACAATTTCTGCAACATCTGTATATTGGTATCGAGAGAGACCTGGTGAAGTCATACAGTTCCTGGTGTCCATTTCATATGACGGCACTGTCAGAAAGGAATCCGGCATTCCGTCAGGCAAATTTGAGGTGGATAGGATACCTGAAACGTCTACATCCACTCTCACCATTCACAATGTAGAGAAACAGGACATAGCTACCTACTACTGTGCCTTGTGGGAGCATCAAGAGTTGGGCAAAAAAATCAAGGTATTTGGTCCCGGAACAAAGCTTATCATTACAGATAAACAACTTGATGCAGATGTTTCCCCCAAGCCCACTATTTTTCTTCCTTCAATTGCTGAAACAAAGCTCCAGAAGGCTGGAACATACCTT
4	0.012012012012012	TGTGCCTTGTGGGACCCGCAAGAGTTGGGCAAAAAAATCAAGGTATTT	CALWDPQELGKKIKVF	TRGV9		TRGJP	253	NA	NA	256	2	NA	NA	AAACAGCCCGCCTGGAATGTGTGGTGTCTGGAATAACAATTTCTGCAACATCTGTATATTGGTATCGAGAGAGACCTGGTGAAGTCATACAGTTCCTGGTGTCCATTTCATATGACGGCACTGTCAGAAAGGAATCCGGCATTCCGTCAGGCAAATTTGAGGTGGATAGGATACCTGAAACGTCTACATCCACTCTCACCATTCACAATGTAGAGAAACAGGACATAGCTACCTACTACTGTGCCTTGTGGGACCCGCAAGAGTTGGGCAAAAAAATCAAGGTATTTGGTCCCGGAACAAAGCTTATCATTACAGATAAACAACTTGATGCAGATGTTTCCCCCAAGCCCACTATTTTTCTTCCTTCAATTGCTGAAACAAAGCTCCAGAAGGCTGGAACATACCTT
4	0.012012012012012	TGTGCCACCTGGGACAGGCCCTCGTGTAATAAGAAACTCTTT	CATWDRPSCNKKLF	TRGV3, TRGV5		TRGJ1, TRGJ2	255	NA	NA	263	7	NA	NA	GTCATCTGCTGAAATCACTTGCGATCTTACTGTAACAAATACCTTCTACATCCACTGGTACCTACACCAGGAGGGGAAGGCCCCACAGCGTCTTCTGTACTATGACGTCTCCACCGCAAGGGATGTGTTGGAATCAGGACTCAGTCCAGGAAAGTATTATACTCATACACCCAGGAGGTGGAGCTGGATATTGAGACTGCAAAATCTAATTGAAAATGATTCTGGGGTCTATTACTGTGCCACCTGGGACAGGCCCTCGTGTAATAAGAAACTCTTTGGCAGTGGAACAACACTGGTTGTCACAGATAAACAACTTGATGCAGATGTTTCCCCCAAGCCCACTATTTTTCTTCCTTCAATTGCTGAAACAAAGCTCCAGAAGGCTGGAACATACCTT
3	0.00900900900900901	TGTGCCTTGTGGGAGGTACAAGAGTTGGGCAAAAAAATCAAGGTATTT	CALWEVQELGKKIKVF	TRGV9		TRGJP	259	NA	NA	257	NA	NA	NA	AAACAGCCCGCCTGGAATGTGTGGTGTCTGGAATAACAATTTCTGCAACATCTGTATATTGGTATCGAGAGAGACCTGGTGAAGTCATACAGTTCCTGGTGTCCATTTCATATGACGGCACTGTCAGAAAGGAATCCGGCATTCCGTCAGGCAAATTTGAGGTGGATAGGATACCTGAAACGTCTACATCCACTCTCACCATTCACAATGTAGAGAAACAGGACATAGCTACCTACTACTGTGCCTTGTGGGAGGTACAAGAGTTGGGCAAAAAAATCAAGGTATTTGGTCCCGGAACAAAGCTTATCATTACAGATAAACAACTTGATGCAGATGTTTCCCCCAAGCCCACTATTTTTCTTCCTTCAATTGCTGAAACAAAGCTCCAGAAGGCTGGAACATATCTT
3	0.00900900900900901	TGTGCCACCTGGGACGGACCCATACCAATGAATTATTATAAGAAACTCTTT	CATWDGPIPMNYYKKLF	TRGV3, TRGV5		TRGJ1, TRGJ2	250	NA	NA	264	13	NA	NA	GTCATCTGCTGAAATCACTTGTGACCTTACTGTAATAAATGCCTTCTACATCCACTGGTACCTACACCAGGAGGGGAAGGCCCCACAGCGTCTTCTGTACTATGACGTCTCCAACTCAAAGGATGTGTTGGAATCAGGACTCAGTCCAGGAAAGTATTATACTCATACACCCAGGAGGTGGAGCTGGATATTGATACTACGAAATCTAATTGAAAATGATTCTGGGGTCTATTACTGTGCCACCTGGGACGGACCCATACCAATGAATTATTATAAGAAACTCTTTGGCAGTGGAACAACACTGGTTGTCACAGATAAACAACTTGATGCAGATGTTTCCCCCAAGCCCACTATTTTTCTTCCTTCAATTGCTGAAACAAAGCTCCAGAAGGCTGGAACATACCTT
3	0.00900900900900901	TGTGCCACCTGGGACAGAAAAAATTATTATAAGAAACTCTTT	CATWDRKNYYKKLF	TRGV2		TRGJ1, TRGJ2	253	NA	NA	259	5	NA	NA	GGCGTCATCTGCTGAAATCACTTGTGATCTTGCTGAAGGAAGTAACGGCTACATCCACTGGTACCTACACCAGGAGGGGAAGGCCCCACAGCGTCTTCAGTACTATGACTCCTACAACTCCAAGGTTGTGTTGGAATCAGGAGTCAGTCCAGGGAAGTATTATACTTACGCAAGCACAAGGAACAACTTGAGATTGATACTGCGAAATCTAATTGAAAATGACTTTGGGGTCTATTACTGTGCCACCTGGGACAGAAAAAATTATTATAAGAAACTCTTTGGCAGTGGAACAACACTTGTTGTCACAGATAAACAACTTGATGCAGATGTTTCCCCCAAGCCCACTATTTTTCTTCCTTCGATTGCTGAAACAAAACTCCAGAAGGCTGGAACATACCTT
3	0.00900900900900901	TGTGCCACCTGGGACGGGACTTATTATAAGAAACTCTTT	CATWDGTYYKKLF	TRGV2		TRGJ1, TRGJ2	253	NA	NA	252	NA	NA	NA	GTCATCTGCTGAAATCACTTGTGATCTTGCTGAAGGAAGTAACGGCTACATCCACTGGTACCTACACCAGGAGGGGAAGGCCCCACAGCGTCTTCAGTACTATGACTCCTACAACTCCAAGGTTGTGTTGGAATCAGGAGTCAGTCCAGGGAAGTATTATACTTACGCAAGCACAAGGAACAACTTGAGATTGATACTGCGAAATCTAATTGAAAATGACTCTGGGGTCTATTACTGTGCCACCTGGGACGGGACTTATTATAAGAAACTCTTTGGCAGTGGAACAACACTTGTTGTCACAGATAAACAACTTGATGCAGATGTTTCCCCCAAGCCCACTATTTTTCTTCCTTCAATTGCTGAAACAAAACTCCAGAAGGCTGGAACATATCTT
2	0.00600600600600601	TGTGCCTTGTGGGAGGTCCCTCAAGAGTTGGGCAAAAAAATCAAGGTATTT	CALWEVPQELGKKIKVF	TRGV9		TRGJP	262	NA	NA	261	NA	NA	NA	GAAACAGCCCGCCTGGAATGTGTGGTGTCTGGAATAACAATTTCTGCAACATCTGTATATTGGTATCGAGAGAGACCTGGTGAAGTCATACAGTTCCTGGTGTCCATTTCATATGACGGCACTGTCAGAAAGGAATCCGGCATTCCGTCAGGCAAATTTGAGGTGGATAGGATACCTGAAACGTCTACATCCACTCTCACCATTCACAATGTAGAGAAACAGGACATAGCTACCTACTACTGTGCCTTGTGGGAGGTCCCTCAAGAGTTGGGCAAAAAAATCAAGGTATTTGGTCCCGGAACAAAGCTTATCATTACAGATAAACAACTTGATGCAGATGTTTCCCCCAAGCCCACTATTTTTCTTCCTTCAATTGCTGAAACAAAGCTCCAGAAGGCTGGAACATA
2	0.00600600600600601	TGTGCCTTGTGGGAGGTGCTCTCAGAGTTGGGCAAAAAAATCAAGGTATTT	CALWEVLSELGKKIKVF	TRGV9		TRGJP	259	NA	NA	263	3	NA	NA	TAAACAGCCCGCCTGGAATGTGTGGTGTCTGGAATAACAATTTCTGCAACATCTGTATATTGGTATCGAGAGAGACCTGGTGAAGTCATACAGTTCCTGGTGTCCATTTCATATGACGGCACTGTCAGAAAGGAATCCGGCATTCCGTCAGGCAAATTTGAGGTGGATAGGATACCTGAAACGTCTACATCCACTCTCACCATTCACAATGTAGAGAAACAGGACATAGCTACCTACTACTGTGCCTTGTGGGAGGTGCTCTCAGAGTTGGGCAAAAAAATCAAGGTATTTGGTCCCGGAACAAAGCTTATCATTACAGATAAACAACTTGATGCAGATGTTTCCCCCAAGCCCACTATTTTTCTTCCTTCAATTGCTGAAACAAAGCTCCAGAAGGCTGGAACATA
2	0.00600600600600601	TGTGCCACCTGGGACAGGCCTTCCTTCAGAATGTACGACAGGAAACTCTTT	CATWDRPSFRMYDRKLF	TRGV3, TRGV5		TRGJ1, TRGJ2	259	NA	NA	276	16	NA	NA	GTCATCTGCTGAAATCACTTGCGATCTTACTGTAACAAATACCTTCTACATCCACTGGTACCTACACCAGGAGGGGAAGGCCCCACAGCGTCTTCTGTACTATGACGTCTCCACCGCAAGGGATGTGTTGGAATCAGGACTCAGTCCAGGAAAGTATTATACTCATACACCCAGGAGGTGGAGCTGGATATTGAGACTGCAAAATCTAATTGAAAATGATTCTGGGGTCTATTACTGTGCCACCTGGGACAGGCCTTCCTTCAGAATGTACGACAGGAAACTCTTTGGCAGTGGAACAACACTTGTTGTCACAGATAAACAACTTGATGCAGATGTTTCCCCCAAGCCCACTATTTTTCTTCCTTCAATTGCTGAAACAAAACTCCAGAAGGCTGGAACATATCTT
2	0.00600600600600601	TGTGCCTTGTGGGAGACACCGCAAGAGTTGGGCAAAAAAATCAAGGTATTT	CALWETPQELGKKIKVF	TRGV9		TRGJP	254	NA	NA	259	4	NA	NA	AAACAGCCCGCCTGGAATGTGTGGTGTCTGGAATAACAATTTCTGCAACATCTGTATATTGGTATCGAGAGAGACCTGGTGAAGTCATACAGTTCCTGGTGTCCATTTCATATGACGGCACTGTCAGAAAGGAATCCGGCATTCCGTCAGGCAAATTTGAGGTGGATAGGATACCTGAAACGTCTACATCCACTCTCACCATTCACAATGTAGAGAAACAGGACATAGCTACCTACTACTGTGCCTTGTGGGAGACACCGCAAGAGTTGGGCAAAAAAATCAAGGTATTTGGTCCCGGAACAAAGCTTATCATTACAGATAAACAACTTGATGCAGATGTTTCCCCCAAGCCCACTATTTTTCTTCCTTCAATTGCTGAAACAAAGCTCCAGAAGGCTGGAACATA
2	0.00600600600600601	TGTGCCTTGTGGGAGAGACAAGAGTTGGGCAAAAAAATCAAGGTATTT	CALWERQELGKKIKVF	TRGV9		TRGJP	255	NA	NA	258	2	NA	NA	AAAACAGCCCGCCTGGAATGTGTGGTGTCTGGAATAACAATTTCTGCAACATCTGTATATTGGTATCGAGAGAGACCTGGTGAAGTCATACAGTTCCTGGTGTCCATTTCATATGACGGCACTGTCAGAAAGGAATCCGGCATTCCGTCAGGCAAATTTGAGGTGGATAGGATACCTGAAACGTCTACATCCACTCTCACCATTCACAATGTAGAGAAACAGGACATAGCTACCTACTACTGTGCCTTGTGGGAGAGACAAGAGTTGGGCAAAAAAATCAAGGTATTTGGTCCCGGAACAAAGCTTATCATTACAGATAAACAACTTGATGCAGATGTTTCCCCCAAGCCCACTATTTTTCTTCCTTCAATTGCTGAAACAAAGCTCCAGAAGGCTGGAACATACCTT
2	0.00600600600600601	TGTGCCTTGTGGGAGGTGAGGGAGTTGGGCAAAAAAATCAAGGTATTT	CALWEVRELGKKIKVF	TRGV9		TRGJP	257	NA	NA	260	2	NA	NA	AAACAGCCCGCCTGGAATGTGTGGTGTCTGGAATAACAATTTCTGCAACATCTGTATATTGGTATCGAGAGAGACCTGGTGAAGTCATACAGTTCCTGGTGTCCATTTCATATGACGGCACTGTCAGAAAGGAATCCGGCATTCCGTCAGGCAAATTTGAGGTGGATAGGATACCTGAAACGTCTACATCCACTCTCACCATTCACAATGTAGAGAAACAGGACATAGCTACCTACTACTGTGCCTTGTGGGAGGTGAGGGAGTTGGGCAAAAAAATCAAGGTATTTGGTCCCGGAACAAAGCTTATCATTACAGATAAACAACTTGATGCAGATGTTTCCCCCAAGCCCACTATTTTTCTTCCTTCAATTGCTGAAACAAAGCTCCAGAAGGCTGGAACATATCTT
2	0.00600600600600601	TGTGCCTTGTGGGAGGTGTGGGAGTTGGGCAAAAAAATCAAGGTATTT	CALWEVWELGKKIKVF	TRGV9		TRGJP	258	NA	NA	261	2	NA	NA	GAAACAGCCCGCCTGGAATGTGTGGTGTCTGGAATAACAATTTCTGCAACATCTGTATATTGGTATCGAGAGAGACCTGGTGAAGTCATACAGTTCCTGGTGTCCATTTCATATGACGGCACTGTCAGAAAGGAATCCGGCATTCCGTCAGGCAAATTTGAGGTGGATAGGATACCTGAAACGTCTACATCCACTCTCACCATTCACAATGTAGAGAAACAGGACATAGCTACCTACTACTGTGCCTTGTGGGAGGTGTGGGAGTTGGGCAAAAAAATCAAGGTATTTGGTCCCGGAACAAAGCTTATCATTACAGATAAACAACTTGATGCAGATGTTTCCCCCAAGCCCACTATTTTTCTTCCTTCAATTGCTGAAACAAAGCTCCAGAAGGCTGGAACATA
2	0.00600600600600601	TGTGCCTTGTGGGTTCAAGAGTTGGGCAAAAAAATCAAGGTATTT	CALWVQELGKKIKVF	TRGV9		TRGJP	252	NA	NA	254	1	NA	NA	AAACAGCCCGCCTGGAATGTGTGGTATCTGGAATAACAATTTCTGCAACATCTGTATATTGGTATCGAGAGAGACCTGGTGAAGTCATACAGTTCCTGGTGTCCATTTCATATGACGGCACTGTCAGAAAGGAATCCGGCATTCCGTCAGGCAAATTTGAGGTGGATAGGATACCTGAAACGTCTACATCCACTCTCACCATTCACAATGTAGAGAAACAGGACATAGCTACCTACTACTGTGCCTTGTGGGTTCAAGAGTTGGGCAAAAAAATCAAGGTATTTGGTCCCGGAACAAAGCTTATCATTACAGATAAACAACTTGATGCAGATGTTTCCCCCAAGCCCACTATTTTTCTTCCTTCAATTGCTGAAACAAAGCTCCAGAAGGCTGGAACATA
2	0.00600600600600601	TGTGCCACCTGGGACGGGGATAGGAATTATTATAAGAAACTCTTT	CATWDGDRNYYKKLF	TRGV2		TRGJ1, TRGJ2	253	NA	NA	258	4	NA	NA	GTCATCTGCTGAAATCACTTGTGATCTTGCTGAAGGAAGTAACGGCTACATCCACTGGTACCTACACCAGGAGGGGAAGGCCCCACAGCGTCTTCAGTACTATGACTCCTACAACTCCAAGGTTGTGTTGGAATCAGGAGTCAGTCCAGGGAAGTATTATACTTACGCAAGCACAAGGAACAACTTGAGATTGATACTGCGAAATCTAATTGAAAATGACTTTGGGGTCTATTACTGTGCCACCTGGGACGGGGATAGGAATTATTATAAGAAACTCTTTGGCAGTGGAACAACACTTGTTGTCACAGATAAACAACTTGATGCAGATGTTTCCCCCAAGCCCACTATTTTTCTTCCTTCGATTGCTGAAACAAAACTCCAGAAGGCTGGAACATA
2	0.00600600600600601	TGTGCCACCTGGGATGGGAAGGGGTCAGGTTATAAGAAACTCTTT	CATWDGKGSGYKKLF	TRGV4		TRGJ1, TRGJ2	92	NA	NA	173	80	NA	NA	GAGTCATCTGCTGAAATCACTTGTGATCTTGCTGAAGGAAGTACCGGCTACATCCACTGGTACCTACACCAGGAGGGGAAGGCCCCACAGCG,CTTCTGTACTATGACTCCTACACCTCCAGCGTTGTGTTGGAATCAGGAATCAGCCCAGGGAAGTATGATACTTATGGAAGCACAAGGAAGAACTTGAGAATGATACTGCGAAATCTTATTGAAAATGACTCTGGAGTCTATTACTGTGCCACCTGGGATGGGAAGGGGTCAGGTTATAAGAAACTCTTTGGCAGTGGAACAACACTTGTTGTCACAGATAAACAACTTGATGCAGATGTTTCCCCCAAGCCCACTATTTTTCTTCCTTCAATTGCTGAAACA,AACTCCAGAAGGCTGGAACATA
2	0.00600600600600601	TGTGCCACCTGGGACAGGTTGGGCGATTGGATCAAGACGTTT	CATWDRLGDWIKTF	TRGV3, TRGV5		TRGJP2	253	NA	NA	259	5	NA	NA	GTCATCTGCTGAAATCACTTGCGATCTTACTGTAACAAATACCTTCTACATCCACTGGTACCTACACCAGGAGGGGAAGGCCCCACAGCGTCTTCTGTACTATGACGTCTCCACCGCAAGGGATGTGTTGGAATCAGGACTCAGTCCAGGAAAGTATTATACTCATACACCCAGGAGGTGGAGCTGGATATTGAGACTGCAAAATCTAATTGAAAATGATTCTGGGGTCTATTACTGTGCCACCTGGGACAGGTTGGGCGATTGGATCAAGACGTTTGCAAAAGGGACTAGGCTCATAGTAACTTCGCCTGATAAACAACTTGATGCAGATGTTTCCCCCAAGCCCACTATTTTTCTTCCTTCGATTGCTGAA
2	0.00600600600600601	TGTGCCACCTGGGACGGGCGTTTTGGTTATAAGAAACTCTTT	CATWDGRFGYKKLF	TRGV2		TRGJ1, TRGJ2	254	NA	NA	261	6	NA	NA	GTCATCTGCTGAAATCACTTGTGATCTTGCTGAAGGAAGTAACGGCTACATCCACTGGTACCTACACCAGGAGGGGAAGGCCCCACAGCGTCTTCAGTACTATGACTCCTACAACTCCAAGGTTGTGTTGGAATCAGGAGTCAGTCCAGGGAAGTATTATACTTACGCAAGCACAAGGAACAACTTGAGATTGATACTGCGAAATCTAATTGAAAATGACTTTGGGGTCTATTACTGTGCCACCTGGGACGGGCGTTTTGGTTATAAGAAACTCTTTGGCAGTGGAACAACACTTGTTGTCACAGATAAACAACTTGATGCAGATGTTTCCCCCAAGCCCACTATTTTTCTTCCTTCAATTGCTGAAACAAAGCTCCAGAAGGCTGGAACATATCTT
2	0.00600600600600601	TGTGCCACCTGGGAGCCTTATTATAAGAAACTCTTT	CATWEPYYKKLF	TRGV4		TRGJ1, TRGJ2	251	NA	NA	254	2	NA	NA	TGGTCATCTGCTGAAATCACTTGTGATCTTGCTGAAGGAAGTACCGGCTACATCCACTGGTACCTACACCAGGAGGGGAAGGCCCCACAGCGTCTTCTGTACTATGACTCCTACACCTCCAGCGTTGTGTTGGAATCAGGAATCAGCCCAGGGAAGTATGATACTTATGGAAGCACAAGGAAGAACTTGAGAATGATACTGCGAAATCTTATTGAAAATGACTCTGGAGTCTATTACTGTGCCACCTGGGAGCCTTATTATAAGAAACTCTTTGGCAGTGGAACAACACTTGTTGTCACAGATAAACAACTTGATGCAGATGTTTCCCCCAAGCCCACTATTTTTCTTCCTTCAATTGCTGAAACAAAACTCCAGAAGGCTGGAACATACCTT
2	0.00600600600600601	TGTGCCACCTGGGACAGTTATTATAAGAAACTCTTT	CATWDSYYKKLF	TRGV3, TRGV5		TRGJ1, TRGJ2	252	NA	NA	252	NA	NA	NA	GTCATCTGCTGAAATCACTTGCGATCTTACTGTAACAAATACCTTCTACATCCACTGGTACCTACACCAGGAGGGGAAGGCCCCACAGCGTCTTCTGTACTATGACGTCTCCACCGCAAGGGATGTGTTGGAATCAGGACTCAGTCCAGGAAAGTATTATACTCATACACCCAGGAGGTGGAGCTGGATATTGAGACTGCAAAATCTAATTGAAAATGATTCTGGGGTCTATTACTGTGCCACCTGGGACAGTTATTATAAGAAACTCTTTGGCAGTGGAACAACACTTGTTGTCACAGATAAACAACTTGATGCAGATGTTTCCCCCAAGCCCACTATTTTTCTTCCTTCGATTGCTGAAACAAAACTCCAGAAGGCTGGAACATATCTT
2	0.00600600600600601	TGTGCCACCTGGGATGGTTATTATAAGAAACTCTTT	CATWDGYYKKLF	TRGV4		TRGJ1, TRGJ2	255	NA	NA	255	NA	NA	NA	TGGGTCATCTGCTGAAATCACTTGTGATCTTGCTGAAGGAAGTACCGGCTACATCCACTGGTACCTACACCAGGAGGGGAAGGCCCCACAGCGTCTTCTGTACTATGACTCCTACACCTCCAGCGTTGTGTTGGAATCAGGAATCAGCCCAGGGAAGTATGATACTTATGGAAGCACAAGGAAGAACTTGAGAATGATACTGCGAAATCTTATTGAAAATGACTCTGGAGTCTATTACTGTGCCACCTGGGATGGTTATTATAAGAAACTCTTTGGCAGTGGAACAACACTTGTTGTCACAGATAAACAACTTGATGCAGATGTTTCCCCCAAGCCCACTATTTTTCTTCCTTCAATTGCTGAAACAAAACTCCAGAAGGCTGGAACATATCTT
2	0.00600600600600601	TGTGCCACCTGGGACGGGCAGAAGAAACTCTTT	CATWDGQKKLF	TRGV2		TRGJ1, TRGJ2	254	NA	NA	256	1	NA	NA	GTCATCTGCTGAAATCACTTGTGATCTTGCTGAAGGAAGTAACGGCTACATCCACTGGTACCTACACCAGGAGGGGAAGGCCCCACAGCGTCTTCAGTACTATGACTCCTACAACTCCAAGGTTGTGTTGGAATCAGGAGTCAGTCCAGGGAAGTATTATACTTACGCAAGCACAAGGAACAACTTGAGATTGATACTGCGAAATCTAATTGAAAATGACTTTGGGGTCTATTACTGTGCCACCTGGGACGGGCAGAAGAAACTCTTTGGCAGTGGAACAACACTTGTTGTCACAGATAAACAACTTGATGCAGATGTTTCCCCCAAGCCCACTATTTTTCTTCCTTCGATTGCTGAAACAAAACTCCAGAAGGCTGGAACATACCTT
1	0.003003003003003	TGTGCCTTGTGGGAGGTGCAGTATAAGTCCAAGTTGGGCAAAAAAATCAAGGTATTT	CALWEVQYKSKLGKKIKVF	TRGV9		TRGJP	20	NA	NA	31	10	NA	NA	TGTGCCTTGTGGGAGGTGCAGTATAAGTCCAAGTTGGGCAAAAAAATCAAGGTATTT
1	0.003003003003003	TGTGCCACCTGGGACGGGCCAGCGGAATTTACCGGGAATTATTATAAGAAACTCTTT	CATWDGPAEFTGNYYKKLF	TRGV2		TRGJ1, TRGJ2	20	NA	NA	35	14	NA	NA	TGTGCCACCTGGGACGGGCCAGCGGAATTTACCGGGAATTATTATAAGAAACTCTTT
1	0.003003003003003	TGTGCCTTGTGGGAGGTGTCCCCCAACAGGTTGGGCAAAAAAATCAAGGTATTT	CALWEVSPNRLGKKIKVF	TRGV9		TRGJP	18	NA	NA	29	10	NA	NA	TGTGCCTTGTGGGAGGTGTCCCCCAACAGGTTGGGCAAAAAAATCAAGGTATTT
1	0.003003003003003	TGTGCCTTGTGGGAGGCCACCCGGCAAGAGTTGGGCAAAAAAATCAAGGTATTT	CALWEATRQELGKKIKVF	TRGV9		TRGJP	16	NA	NA	22	5	NA	NA	TGTGCCTTGTGGGAGGCCACCCGGCAAGAGTTGGGCAAAAAAATCAAGGTATTT
1	0.003003003003003	TGTGCCTTGTGGGAGGTGCTAGGAGAGTTGGGCAAAAAAATCAAGGTATTT	CALWEVLGELGKKIKVF	TRGV9		TRGJP	19	NA	NA	23	3	NA	NA	TGTGCCTTGTGGGAGGTGCTAGGAGAGTTGGGCAAAAAAATCAAGGTATTT
1	0.003003003003003	TGTGCCTTGTGGGAGGTGCGGCAAGAGTTGGGCAAAAAAATCAAGGTATTT	CALWEVRQELGKKIKVF	TRGV9		TRGJP	19	NA	NA	19	NA	NA	NA	TGTGCCTTGTGGGAGGTGCGGCAAGAGTTGGGCAAAAAAATCAAGGTATTT
1	0.003003003003003	TGTGCCTTGTGGGAGGCAGACCGGGGGTTGGGCAAAAAAATCAAGGTATTT	CALWEADRGLGKKIKVF	TRGV9		TRGJP	16	NA	NA	26	9	NA	NA	TGTGCCTTGTGGGAGGCAGACCGGGGGTTGGGCAAAAAAATCAAGGTATTT
1	0.003003003003003	TGTGCCTTGTGGGGAAGACACCAGGAGTTGGGCAAAAAAATCAAGGTATTT	CALWGRHQELGKKIKVF	TRGV9		TRGJP	13	NA	NA	21	7	NA	NA	TGTGCCTTGTGGGGAAGACACCAGGAGTTGGGCAAAAAAATCAAGGTATTT
1	0.003003003003003	TGTGCCTTGTGGGAGGCCGGGAGGAGAGGCACTGGTTGGTTCAAGATATTT	CALWEAGRRGTGWFKIF	TRGV9		TRGJP1	16	NA	NA	29	12	NA	NA	TGTGCCTTGTGGGAGGCCGGGAGGAGAGGCACTGGTTGGTTCAAGATATTT
1	0.003003003003003	TGTGCCACCTGGGACAGGCCGCAAGAGTTGGGCAAAAAAATCAAGGTATTT	CATWDRPQELGKKIKVF	TRGV3, TRGV5		TRGJP	20	NA	NA	20	NA	NA	NA	TGTGCCACCTGGGACAGGCCGCAAGAGTTGGGCAAAAAAATCAAGGTATTT
1	0.003003003003003	TGTGCCTTGTGGGAGGTGCGGGAGTTGGGCAAAAAAATCAAGGTATTT	CALWEVRELGKKIKVF	TRGV9		TRGJP	19	NA	NA	21	1	NA	NA	TGTGCCTTGTGGGAGGTGCGGGAGTTGGGCAAAAAAATCAAGGTATTT
1	0.003003003003003	TGTGCCTTGTGGGAGGTGGAGGAGTTGGGCAAAAAAATCAAGGTATTT	CALWEVEELGKKIKVF	TRGV9		TRGJP	18	NA	NA	21	2	NA	NA	TGTGCCTTGTGGGAGGTGGAGGAGTTGGGCAAAAAAATCAAGGTATTT
1	0.003003003003003	TGTGCCTTGTGGGAGGCCAAAGAGTTGGGCAAAAAAATCAAGGTATTT	CALWEAKELGKKIKVF	TRGV9		TRGJP	16	NA	NA	19	2	NA	NA	TGTGCCTTGTGGGAGGCCAAAGAGTTGGGCAAAAAAATCAAGGTATTT
1	0.003003003003003	TGTGCCTTGTGGGAGGGAGAAGAGTTGGGCAAAAAAATCAAGGTATTT	CALWEGEELGKKIKVF	TRGV9		TRGJP	16	NA	NA	19	2	NA	NA	TGTGCCTTGTGGGAGGGAGAAGAGTTGGGCAAAAAAATCAAGGTATTT
1	0.003003003003003	TGTGCCTTGTGGGAGGTGCGAGAGTTGGGCAAAAAAATCAAGGTATTT	CALWEVRELGKKIKVF	TRGV9		TRGJP	19	NA	NA	17	NA	NA	NA	TGTGCCTTGTGGGAGGTGCGAGAGTTGGGCAAAAAAATCAAGGTATTT
1	0.003003003003003	TGTGCCTTGTGGGAGGTGCGTGAGTTGGGCAAAAAAATCAAGGTATTT	CALWEVRELGKKIKVF	TRGV9		TRGJP	19	NA	NA	21	1	NA	NA	TGTGCCTTGTGGGAGGTGCGTGAGTTGGGCAAAAAAATCAAGGTATTT
1	0.003003003003003	TGTGCCACCTGGGACGCCGGATATACCACTGGTTGGTTCAAGATATTT	CATWDAGYTTGWFKIF	TRGV2		TRGJP1	16	NA	NA	20	3	NA	NA	TGTGCCACCTGGGACGCCGGATATACCACTGGTTGGTTCAAGATATTT
1	0.003003003003003	TGTGCCACCTGGGGGCTTTCGGGGGGATTTGATTATAAGAAACTCTTT	CATWGLSGGFDYKKLF	TRGV4		TRGJ1, TRGJ2	13	NA	NA	31	17	NA	NA	TGTGCCACCTGGGGGCTTTCGGGGGGATTTGATTATAAGAAACTCTTT
1	0.003003003003003	TGTGCCTTGTGGGAATTCCAAGAGTTGGGCAAAAAAATCAAGGTATTT	CALWEFQELGKKIKVF	TRGV9		TRGJP	14	NA	NA	18	3	NA	NA	TGTGCCTTGTGGGAATTCCAAGAGTTGGGCAAAAAAATCAAGGTATTT
1	0.003003003003003	TGTGCCTTGTGGGAGGTGCCAGAGTTGGGCAAAAAAATCAAGGTATTT	CALWEVPELGKKIKVF	TRGV9		TRGJP	19	NA	NA	17	NA	NA	NA	TGTGCCTTGTGGGAGGTGCCAGAGTTGGGCAAAAAAATCAAGGTATTT
1	0.003003003003003	TGTGCCACCTGGGACGGTGGGCGGAGTAGTGATTGGATCAAGACGTTT	CATWDGGRSSDWIKTF	TRGV7		TRGJP2	15	NA	NA	24	8	NA	NA	TGTGCCACCTGGGACGGTGGGCGGAGTAGTGATTGGATCAAGACGTTT
1	0.003003003003003	TGTGCCACCTGGGACGGGCCTCAAGTAGTTTATTATAAGAAACTCTTT	CATWDGPQVVYYKKLF	TRGV2		TRGJ1, TRGJ2	20	NA	NA	29	8	NA	NA	TGTGCCACCTGGGACGGGCCTCAAGTAGTTTATTATAAGAAACTCTTT
1	0.003003003003003	TGTGCCACCTGGGACAGGCGACCAAAGAATTATTATAAGAAACTCTTT	CATWDRRPKNYYKKLF	TRGV3, TRGV5		TRGJ1, TRGJ2	19	NA	NA	26	6	NA	NA	TGTGCCACCTGGGACAGGCGACCAAAGAATTATTATAAGAAACTCTTT
1	0.003003003003003	TGTGCCACCTGGGACGGACGTCGCCGCTCTTATTATAAGAAACTCTTT	CATWDGRRRSYYKKLF	TRGV2		TRGJ1, TRGJ2	17	NA	NA	29	11	NA	NA	TGTGCCACCTGGGACGGACGTCGCCGCTCTTATTATAAGAAACTCTTT
1	0.003003003003003	TGTGCCTTGTGGGAGGTGCCGGAGTTGGGCAAAAAAATCAAGGTATTT	CALWEVPELGKKIKVF	TRGV9		TRGJP	19	NA	NA	21	1	NA	NA	TGTGCCTTGTGGGAGGTGCCGGAGTTGGGCAAAAAAATCAAGGTATTT
1	0.003003003003003	TGTGCTGGGATGGAAATCTATAGTAGTGATTGGATCAAGACGTTT	CAGMEIYSSDWIKTF	TRGV4		TRGJP2	5	NA	NA	18	12	NA	NA	TGTGCTGGGATGGAAATCTATAGTAGTGATTGGATCAAGACGTTT
1	0.003003003003003	TGTGCCTTGTGGGAGGTGCAGGGAATTTATTATAAGAAACTCTTT	CALWEVQGIYYKKLF	TRGV9		TRGJ1, TRGJ2	20	NA	NA	22	1	NA	NA	TGTGCCTTGTGGGAGGTGCAGGGAATTTATTATAAGAAACTCTTT
1	0.003003003003003	TGTGCCTTGTGGGAGAAAGAGTTGGGCAAAAAAATCAAGGTATTT	CALWEKELGKKIKVF	TRGV9		TRGJP	15	NA	NA	16	0	NA	NA	TGTGCCTTGTGGGAGAAAGAGTTGGGCAAAAAAATCAAGGTATTT
1	0.003003003003003	TGTGCCTTGTGGGGGGGAGAGTTGGGCAAAAAAATCAAGGTATTT	CALWGGELGKKIKVF	TRGV9		TRGJP	16	NA	NA	17	0	NA	NA	TGTGCCTTGTGGGGGGGAGAGTTGGGCAAAAAAATCAAGGTATTT
1	0.003003003003003	TGTGCCTTGTGGGGCCAAGAGTTGGGCAAAAAAATCAAGGTATTT	CALWGQELGKKIKVF	TRGV9		TRGJP	13	NA	NA	11	NA	NA	NA	TGTGCCTTGTGGGGCCAAGAGTTGGGCAAAAAAATCAAGGTATTT
1	0.003003003003003	TGTGCCTTGTGGTTACAAGAGTTGGGCAAAAAAATCAAGGTATTT	CALWLQELGKKIKVF	TRGV9		TRGJP	12	NA	NA	15	2	NA	NA	TGTGCCTTGTGGTTACAAGAGTTGGGCAAAAAAATCAAGGTATTT
1	0.003003003003003	TGTGCCTTGTGGGAAGCAGAGTTGGGCAAAAAAATCAAGGTATTT	CALWEAELGKKIKVF	TRGV9		TRGJP	14	NA	NA	17	2	NA	NA	TGTGCCTTGTGGGAAGCAGAGTTGGGCAAAAAAATCAAGGTATTT
1	0.003003003003003	TGTGCCACCTGGGACGGGGCCCTACTTTATTATAAGAAACTCTTT	CATWDGALLYYKKLF	TRGV3, TRGV5		TRGJ1, TRGJ2	18	NA	NA	26	7	NA	NA	TGTGCCACCTGGGACGGGGCCCTACTTTATTATAAGAAACTCTTT
1	0.003003003003003	TGTGCCACCTGGGACAGGCTCGGGAATTATTATAAGAAACTCTTT	CATWDRLGNYYKKLF	TRGV3, TRGV5		TRGJ1, TRGJ2	19	NA	NA	23	3	NA	NA	TGTGCCACCTGGGACAGGCTCGGGAATTATTATAAGAAACTCTTT
1	0.003003003003003	TGTGCCACCTGGGACGGGCCATGGGGTTATTATAAGAAACTCTTT	CATWDGPWGYYKKLF	TRGV2		TRGJ1, TRGJ2	20	NA	NA	26	5	NA	NA	TGTGCCACCTGGGACGGGCCATGGGGTTATTATAAGAAACTCTTT
1	0.003003003003003	TGTGCCACCTGGGACGGACCTGAGTGGGTCTGGATCAAGACGTTT	CATWDGPEWVWIKTF	TRGV2		TRGJP2	20	NA	NA	30	9	NA	NA	TGTGCCACCTGGGACGGACCTGAGTGGGTCTGGATCAAGACGTTT
1	0.003003003003003	TGTGCCACCTGGGACGGGCCAAAGAATTATTATAAGAAACTCTTT	CATWDGPKNYYKKLF	TRGV2		TRGJ1, TRGJ2	20	NA	NA	23	2	NA	NA	TGTGCCACCTGGGACGGGCCAAAGAATTATTATAAGAAACTCTTT
1	0.003003003003003	TGTGCCACCTGGGACGGGCCAGGGGGGGCTTATAAGAAACTCTTT	CATWDGPGGAYKKLF	TRGV2		TRGJ1, TRGJ2	20	NA	NA	29	8	NA	NA	TGTGCCACCTGGGACGGGCCAGGGGGGGCTTATAAGAAACTCTTT
1	0.003003003003003	TGTGCTGGGATACGAACTAGTAGTGATTGGATCAAGACGTTT	CAGIRTSSDWIKTF	TRGV4		TRGJP2	5	NA	NA	17	11	NA	NA	TGTGCTGGGATACGAACTAGTAGTGATTGGATCAAGACGTTT
1	0.003003003003003	TGTGCCTTGTGGGAGTCGTCGAATTATTATAGGAAACTCTTT	CALWESSNYYRKLF	TRGV9		TRGJ1, TRGJ2	15	NA	NA	18	2	NA	NA	TGTGCCTTGTGGGAGTCGTCGAATTATTATAGGAAACTCTTT
1	0.003003003003003	TGTGCCTTGTGGATTGGGTTGGGCAAAAAAATCAAGGTATTT	CALWIGLGKKIKVF	TRGV9		TRGJP	12	NA	NA	17	4	NA	NA	TGTGCCTTGTGGATTGGGTTGGGCAAAAAAATCAAGGTATTT
1	0.003003003003003	TGTGCCACCTGGGACAAAAAAAATTATTATAAGAAACTCTTT	CATWDKKNYYKKLF	TRGV2		TRGJ1, TRGJ2	15	NA	NA	21	5	NA	NA	TGTGCCACCTGGGACAAAAAAAATTATTATAAGAAACTCTTT
1	0.003003003003003	TGTGCCACCTGGGATGGGGATCACGGTTATAAGAAACTCTTT	CATWDGDHGYKKLF	TRGV4		TRGJ1, TRGJ2	18	NA	NA	26	7	NA	NA	TGTGCCACCTGGGATGGGGATCACGGTTATAAGAAACTCTTT
1	0.003003003003003	TGTGCCACCTGGGACAGGAAAAATTATTATAAGAAACTCTTT	CATWDRKNYYKKLF	TRGV2		TRGJ1, TRGJ2	18	NA	NA	21	2	NA	NA	TGTGCCACCTGGGACAGGAAAAATTATTATAAGAAACTCTTT
1	0.003003003003003	TGTGCCACTACCCAATATAGTAGTGATTGGATCAAGACGTTT	CATTQYSSDWIKTF	TRGV3, TRGV5		TRGJP2	8	NA	NA	14	5	NA	NA	TGTGCCACTACCCAATATAGTAGTGATTGGATCAAGACGTTT
1	0.003003003003003	TGTGCCACCTGGGACGGGCCCCCATATTATAAGAAACTCTTT	CATWDGPPYYKKLF	TRGV2		TRGJ1, TRGJ2	21	NA	NA	24	2	NA	NA	TGTGCCACCTGGGACGGGCCCCCATATTATAAGAAACTCTTT
1	0.003003003003003	TGTGCCACCTGGGACAGGAACTATTATTATAAGAAACTCTTT	CATWDRNYYYKKLF	TRGV3, TRGV5		TRGJ1, TRGJ2	18	NA	NA	22	3	NA	NA	TGTGCCACCTGGGACAGGAACTATTATTATAAGAAACTCTTT
1	0.003003003003003	TGTGCCACCTGGGACGGGCCAAATTATTATAAGAAACTCTTT	CATWDGPNYYKKLF	TRGV2		TRGJ1, TRGJ2	20	NA	NA	21	0	NA	NA	TGTGCCACCTGGGACGGGCCAAATTATTATAAGAAACTCTTT
1	0.003003003003003	TGTGCCACCTGGATCCGCCTCTATTATTATAAGAAACTCTTT	CATWIRLYYYKKLF	TRGV4		TRGJ1, TRGJ2	12	NA	NA	22	9	NA	NA	TGTGCCACCTGGATCCGCCTCTATTATTATAAGAAACTCTTT
1	0.003003003003003	TGTGCCACCTGGGACGGGCCCGCCTTCGATAAGAAACTCTTT	CATWDGPAFDKKLF	TRGV2		TRGJ1, TRGJ2	22	NA	NA	28	5	NA	NA	TGTGCCACCTGGGACGGGCCCGCCTTCGATAAGAAACTCTTT
1	0.003003003003003	TGTGCCACCTGGGACGCGGTAGGTTTTTATAAGAAACTCTTT	CATWDAVGFYKKLF	TRGV2		TRGJ1, TRGJ2	16	NA	NA	23	6	NA	NA	TGTGCCACCTGGGACGCGGTAGGTTTTTATAAGAAACTCTTT
1	0.003003003003003	TGTGCCACCTGGGATAGAACGAATTATTATAAGAAACTCTTT	CATWDRTNYYKKLF	TRGV4		TRGJ1, TRGJ2	15	NA	NA	19	3	NA	NA	TGTGCCACCTGGGATAGAACGAATTATTATAAGAAACTCTTT
1	0.003003003003003	TGTGCCACCTGGGACAGGCGTGGGGGCTATAAGAAACTCTTT	CATWDRRGGYKKLF	TRGV3, TRGV5		TRGJ1, TRGJ2	22	NA	NA	27	4	NA	NA	TGTGCCACCTGGGACAGGCGTGGGGGCTATAAGAAACTCTTT
1	0.003003003003003	TGTGCCACCTGGGATGGGCAATTGCGTTATAAGAAACTCTTT	CATWDGQLRYKKLF	TRGV4		TRGJ1, TRGJ2	19	NA	NA	26	6	NA	NA	TGTGCCACCTGGGATGGGCAATTGCGTTATAAGAAACTCTTT
1	0.003003003003003	TGTGCCACCTGGGACAGGCCGGGATATTATAAGAAACTCTTT	CATWDRPGYYKKLF	TRGV3, TRGV5		TRGJ1, TRGJ2	20	NA	NA	24	3	NA	NA	TGTGCCACCTGGGACAGGCCGGGATATTATAAGAAACTCTTT
1	0.003003003003003	TGTGCCTTGTGGGAGGTGCTGAGGTATAAGAAACTCTTT	CALWEVLRYKKLF	TRGV9		TRGJ1, TRGJ2	19	NA	NA	24	4	NA	NA	TGTGCCTTGTGGGAGGTGCTGAGGTATAAGAAACTCTTT
1	0.003003003003003	TGTGCCTGGGTAGTAGAGAGATATTATAAGAAACTCTTT	CAWVVERYYKKLF	TRGV4		TRGJ1, TRGJ2	6	NA	NA	21	14	NA	NA	TGTGCCTGGGTAGTAGAGAGATATTATAAGAAACTCTTT
1	0.003003003003003	TGTGCCTTGTGGGAGGTGGAGTATTATAAGAAACTCTTT	CALWEVEYYKKLF	TRGV9		TRGJ1, TRGJ2	18	NA	NA	21	2	NA	NA	TGTGCCTTGTGGGAGGTGGAGTATTATAAGAAACTCTTT
1	0.003003003003003	TGTGCCACCTGGGATGTTCTTTATTATAAGAAACTCTTT	CATWDVLYYKKLF	TRGV4		TRGJ1, TRGJ2	16	NA	NA	20	3	NA	NA	TGTGCCACCTGGGATGTTCTTTATTATAAGAAACTCTTT
1	0.003003003003003	TGTGCCACCTGGGATGGGAATTATTATAAGAAACTCTTT	CATWDGNYYKKLF	TRGV4		TRGJ1, TRGJ2	18	NA	NA	17	NA	NA	NA	TGTGCCACCTGGGATGGGAATTATTATAAGAAACTCTTT
1	0.003003003003003	TGTGCCACCTGGGATAAAGTTTATTATAAGAAACTCTTT	CATWDKVYYKKLF	TRGV4		TRGJ1, TRGJ2	15	NA	NA	20	4	NA	NA	TGTGCCACCTGGGATAAAGTTTATTATAAGAAACTCTTT
1	0.003003003003003	TGTGCCACCTGGGACGCTAATTATTATAAGAAACTCTTT	CATWDANYYKKLF	TRGV2		TRGJ1, TRGJ2	16	NA	NA	18	1	NA	NA	TGTGCCACCTGGGACGCTAATTATTATAAGAAACTCTTT
1	0.003003003003003	TGTGCCACCTGGGACGCCAATTATTATAAGAAACTCTTT	CATWDANYYKKLF	TRGV2		TRGJ1, TRGJ2	16	NA	NA	18	1	NA	NA	TGTGCCACCTGGGACGCCAATTATTATAAGAAACTCTTT
1	0.003003003003003	TGTGCCACCTGGGACGCCCTAAAATATAAGAAACTCTTT	CATWDALKYKKLF	TRGV2		TRGJ1, TRGJ2	16	NA	NA	24	7	NA	NA	TGTGCCACCTGGGACGCCCTAAAATATAAGAAACTCTTT
1	0.003003003003003	TGTGCCACCTGGGACGGGCCTGGGTATAAGAAACTCTTT	CATWDGPGYKKLF	TRGV2		TRGJ1, TRGJ2	20	NA	NA	24	3	NA	NA	TGTGCCACCTGGGACGGGCCTGGGTATAAGAAACTCTTT
1	0.003003003003003	TGTGCCACCTGGGACACCTCTTATTATAAGAAACTCTTT	CATWDTSYYKKLF	TRGV3, TRGV5		TRGJ1, TRGJ2	16	NA	NA	20	3	NA	NA	TGTGCCACCTGGGACACCTCTTATTATAAGAAACTCTTT
1	0.003003003003003	TGTGCCACCTGGGACAGGCAGCATTATAAGAAACTCTTT	CATWDRQHYKKLF	TRGV3, TRGV5		TRGJ1, TRGJ2	19	NA	NA	22	2	NA	NA	TGTGCCACCTGGGACAGGCAGCATTATAAGAAACTCTTT
1	0.003003003003003	TGTGCCACCTGGGACAGGCAATATTATAAGAAACTCTTT	CATWDRQYYKKLF	TRGV3, TRGV5		TRGJ1, TRGJ2	19	NA	NA	21	1	NA	NA	TGTGCCACCTGGGACAGGCAATATTATAAGAAACTCTTT
1	0.003003003003003	TGTGCCACCTGGGACAAACATTATTATAAGAAACTCTTT	CATWDKHYYKKLF	TRGV3, TRGV5		TRGJ1, TRGJ2	16	NA	NA	19	2	NA	NA	TGTGCCACCTGGGACAAACATTATTATAAGAAACTCTTT
1	0.003003003003003	TGTGCCACCTGGGAGGGGCTAAATTATAAGAAACTCTTT	CATWEGLNYKKLF	TRGV4		TRGJ1, TRGJ2	19	NA	NA	22	2	NA	NA	TGTGCCACCTGGGAGGGGCTAAATTATAAGAAACTCTTT
1	0.003003003003003	TGTGCCTTGTGGGAGCCTAATTATAAGAAACTCTTT	CALWEPNYKKLF	TRGV9		TRGJ1, TRGJ2	15	NA	NA	19	3	NA	NA	TGTGCCTTGTGGGAGCCTAATTATAAGAAACTCTTT
1	0.003003003003003	TGTGCCTTGTGGGAGCATTATTATAAGAAACTCTTT	CALWEHYYKKLF	TRGV9		TRGJ1, TRGJ2	15	NA	NA	16	0	NA	NA	TGTGCCTTGTGGGAGCATTATTATAAGAAACTCTTT
1	0.003003003003003	TGTGCCTTGCCCATACACCTTTATAAGAAACTCTTT	CALPIHLYKKLF	TRGV9		TRGJ1, TRGJ2	9	NA	NA	20	10	NA	NA	TGTGCCTTGCCCATACACCTTTATAAGAAACTCTTT
1	0.003003003003003	TGTGCCACCTGGGATGCCGGGGATAAGAAACTCTTT	CATWDAGDKKLF	TRGV4		TRGJ1, TRGJ2	16	NA	NA	22	5	NA	NA	TGTGCCACCTGGGATGCCGGGGATAAGAAACTCTTT
1	0.003003003003003	TGTGCCACCTGGCAGAATTATTATAAGAAACTCTTT	CATWQNYYKKLF	TRGV4		TRGJ1, TRGJ2	12	NA	NA	14	1	NA	NA	TGTGCCACCTGGCAGAATTATTATAAGAAACTCTTT
1	0.003003003003003	TGTGCCACCTGGGATGCGGGTTATAAGAAACTCTTT	CATWDAGYKKLF	TRGV4		TRGJ1, TRGJ2	16	NA	NA	20	3	NA	NA	TGTGCCACCTGGGATGCGGGTTATAAGAAACTCTTT
1	0.003003003003003	TGTGCCACCTGGGATGGGCCACATTTGAAACTCTTT	CATWDGPHLKLF	TRGV4		TRGJ1, TRGJ2	24	NA	NA	26	1	NA	NA	TGTGCCACCTGGGATGGGCCACATTTGAAACTCTTT
1	0.003003003003003	TGTGCCACCTGGGATGGCTTGAATAAGAAACTCTTT	CATWDGLNKKLF	TRGV4		TRGJ1, TRGJ2	17	NA	NA	22	4	NA	NA	TGTGCCACCTGGGATGGCTTGAATAAGAAACTCTTT
1	0.003003003003003	TGTGCCACCTGGGACGGGCGGTACAAGAAACTCTTT	CATWDGRYKKLF	TRGV2		TRGJ1, TRGJ2	19	NA	NA	21	1	NA	NA	TGTGCCACCTGGGACGGGCGGTACAAGAAACTCTTT
1	0.003003003003003	TGTGCCACCTGGGACACCTATTATAAGAAACTCTTT	CATWDTYYKKLF	TRGV3, TRGV5		TRGJ1, TRGJ2	16	NA	NA	18	1	NA	NA	TGTGCCACCTGGGACACCTATTATAAGAAACTCTTT
1	0.003003003003003	TGTGCCACCTGGGACAGGCGGCATAAGAAACTCTTT	CATWDRRHKKLF	TRGV3, TRGV5		TRGJ1, TRGJ2	19	NA	NA	22	2	NA	NA	TGTGCCACCTGGGACAGGCGGCATAAGAAACTCTTT
1	0.003003003003003	TGTGCCACCTGGGATAGGCGAGGCGGGAAACTCTTT	CATWDRRGGKLF	TRGV8		TRGJ1, TRGJ2	19	NA	NA	26	6	NA	NA	TGTGCCACCTGGGATAGGCGAGGCGGGAAACTCTTT
1	0.003003003003003	TGTGCCACCTGGGATCAGGGTTATAAGAAACTCTTT	CATWDQGYKKLF	TRGV8		TRGJ1, TRGJ2	19	NA	NA	20	0	NA	NA	TGTGCCACCTGGGATCAGGGTTATAAGAAACTCTTT
1	0.003003003003003	TGTGCCACCTGGGACAGGGCAGGTAAGAAACTCTTT	CATWDRAGKKLF	TRGV3, TRGV5		TRGJ1, TRGJ2	18	NA	NA	23	4	NA	NA	TGTGCCACCTGGGACAGGGCAGGTAAGAAACTCTTT
1	0.003003003003003	TGTGCCACCTGGGACAGGCACTATAAGAAACTCTTT	CATWDRHYKKLF	TRGV3, TRGV5		TRGJ1, TRGJ2	19	NA	NA	21	1	NA	NA	TGTGCCACCTGGGACAGGCACTATAAGAAACTCTTT
1	0.003003003003003	TGTGCCACCTGGGACGGTTATTATAAGAAACTCTTT	CATWDGYYKKLF	TRGV3, TRGV5		TRGJ1, TRGJ2	15	NA	NA	17	1	NA	NA	TGTGCCACCTGGGACGGTTATTATAAGAAACTCTTT
1	0.003003003003003	TGTGCTGGGATGGGCGTCTATAAGAAACTCTTT	CAGMGVYKKLF	TRGV4		TRGJ1, TRGJ2	15	NA	NA	18	2	NA	NA	TGTGCTGGGATGGGCGTCTATAAGAAACTCTTT
1	0.003003003003003	TGTGCTGGGATGGGATCTTATAAGAAACTCTTT	CAGMGSYKKLF	TRGV4		TRGJ1, TRGJ2	5	NA	NA	17	11	NA	NA	TGTGCTGGGATGGGATCTTATAAGAAACTCTTT
1	0.003003003003003	TGTGCTGGGATGGTCTATTATAAGAAACTCTTT	CAGMVYYKKLF	TRGV4		TRGJ1, TRGJ2	5	NA	NA	15	9	NA	NA	TGTGCTGGGATGGTCTATTATAAGAAACTCTTT
1	0.003003003003003	TGTGCCACCTGGGATAGGTATAAGAAACTCTTT	CATWDRYKKLF	TRGV8		TRGJ1, TRGJ2	18	NA	NA	18	NA	NA	NA	TGTGCCACCTGGGATAGGTATAAGAAACTCTTT
1	0.003003003003003	TGTGCTGGGAAACTTTATTATAAGAAACTCTTT	CAGKLYYKKLF	TRGV4		TRGJ1, TRGJ2	5	NA	NA	14	8	NA	NA	TGTGCTGGGAAACTTTATTATAAGAAACTCTTT
1	0.003003003003003	TGTGCTGGGATGGGCCTCTATAAGAAACTCTTT	CAGMGLYKKLF	TRGV4		TRGJ1, TRGJ2	16	NA	NA	18	1	NA	NA	TGTGCTGGGATGGGCCTCTATAAGAAACTCTTT
1	0.003003003003003	TGTGCCACCTGGGGAAATTATAAGAAACTCTTT	CATWGNYKKLF	TRGV8		TRGJ1, TRGJ2	13	NA	NA	16	2	NA	NA	TGTGCCACCTGGGGAAATTATAAGAAACTCTTT
1	0.003003003003003	TGTGCCACCGGGATTTATTATAAGAAACTCTTT	CATGIYYKKLF	TRGV3, TRGV5		TRGJ1, TRGJ2	13	NA	NA	11	NA	NA	NA	TGTGCCACCGGGATTTATTATAAGAAACTCTTT
1	0.003003003003003	TGTGCCACCTGGGACGGGCGCGAGAAACTCTTT	CATWDGREKLF	TRGV2		TRGJ1, TRGJ2	22	NA	NA	22	NA	NA	NA	TGTGCCACCTGGGACGGGCGCGAGAAACTCTTT
1	0.003003003003003	TGTGCCTTGTGGGAGGTGTGGGGGAAACTCTTT	CALWEVWGKLF	TRGV9		TRGJ1, TRGJ2	18	NA	NA	23	4	NA	NA	TGTGCCTTGTGGGAGGTGTGGGGGAAACTCTTT
1	0.003003003003003	TGTGCCACTTGGAATTATTATAAGAAACTCTTT	CATWNYYKKLF	TRGV8		TRGJ1, TRGJ2	15	NA	NA	8	NA	NA	NA	TGTGCCACTTGGAATTATTATAAGAAACTCTTT
1	0.003003003003003	TGTGCCACCTGGGATTATTATAAGAAACTCTTT	CATWDYYKKLF	TRGV4		TRGJ1, TRGJ2	15	NA	NA	13	NA	NA	NA	TGTGCCACCTGGGATTATTATAAGAAACTCTTT
1	0.003003003003003	TGTGCCACCTGCAATTATTATAAGAAACTCTTT	CATCNYYKKLF	TRGV3, TRGV5		TRGJ1, TRGJ2	11	NA	NA	12	0	NA	NA	TGTGCCACCTGCAATTATTATAAGAAACTCTTT
1	0.003003003003003	TGTGCCACCTGGGACTATTATAAGAAACTCTTT	CATWDYYKKLF	TRGV4		TRGJ1, TRGJ2	14	NA	NA	15	0	NA	NA	TGTGCCACCTGGGACTATTATAAGAAACTCTTT
1	0.003003003003003	TGTGCCACCTGGGAAGAGTATAAGAAACTCTTT	CATWEEYKKLF	TRGV8		TRGJ1, TRGJ2	14	NA	NA	18	3	NA	NA	TGTGCCACCTGGGAAGAGTATAAGAAACTCTTT
1	0.003003003003003	TGTGCTGGGATGGGCGGTATGAAACTCTTT	CAGMGGMKLF	TRGV4		TRGJ1, TRGJ2	15	NA	NA	17	1	NA	NA	TGTGCTGGGATGGGCGGTATGAAACTCTTT
1	0.003003003003003	TGTGCCACCTGGGATCAAAAGAAACTCTTT	CATWDQKKLF	TRGV8		TRGJ1, TRGJ2	15	NA	NA	18	2	NA	NA	TGTGCCACCTGGGATCAAAAGAAACTCTTT
1	0.003003003003003	TGTGCCACCTACCCTTATAAGAAACTCTTT	CATYPYKKLF	TRGV3, TRGV5		TRGJ1, TRGJ2	10	NA	NA	14	3	NA	NA	TGTGCCACCTACCCTTATAAGAAACTCTTT
1	0.003003003003003	TGTGCCACCCCCGGTAAATGTATGCTCTTT	CATPGKCMLF	TRGV8		TRGJ1, TRGJ2	9	NA	NA	24	14	NA	NA	TGTGCCACCCCCGGTAAATGTATGCTCTTT
1	0.003003003003003	TGTGCCACCCATTATTATAAGAAACTCTTT	CATHYYKKLF	TRGV2		TRGJ1, TRGJ2	9	NA	NA	10	0	NA	NA	TGTGCCACCCATTATTATAAGAAACTCTTT
1	0.003003003003003	TGTGCCACCTGGGATAGGAAGAAACTCTTT	CATWDRKKLF	TRGV8		TRGJ1, TRGJ2	18	NA	NA	18	NA	NA	NA	TGTGCCACCTGGGATAGGAAGAAACTCTTT
1	0.003003003003003	TGTGCCTATTATAAGAAACTCTTT	CAYYKKLF	TRGV4		TRGJ1, TRGJ2	6	NA	NA	6	NA	NA	NA	TGTGCCTATTATAAGAAACTCTTT
1	0.003003003003003	TGTGCCACCTGTAAACTCTTT	CATCKLF	TRGV4		TRGJ1, TRGJ2	11	NA	NA	12	0	NA	NA	TGTGCCACCTGTAAACTCTTT
1	0.003003003003003	TGTGCCACCATGAAACTCTTT	CATMKLF	TRGV4		TRGJ1, TRGJ2	9	NA	NA	11	1	NA	NA	TGTGCCACCATGAAACTCTTT
1	0.003003003003003	TGTGCGTGGATCAAGACGTTT	CAWIKTF	TRGV2		TRGJP2	5	NA	NA	6	0	NA	NA	TGTGCGTGGATCAAGACGTTT
1	0.003003003003003	TGTGCCACCTGGGATGGGCAGGAAAAC	CATWDGQEN	TRGV4		TRGJ1, TRGJ2	19	NA	NA	27	7	NA	NA	TGTGCCACCTGGGATGGGCAGGAAAAC
1	0.003003003003003	TGTGCCACCTGGGGGAAGAAACTCTTT	CATWGKKLF	TRGV4		TRGJ1, TRGJ2	13	NA	NA	15	1	NA	NA	TGTGCCACCTGGGGGAAGAAACTCTTT
1	0.003003003003003	TGTGCCACCTGTATAGAGAAACTCTTT	CATCIEKLF	TRGV2		TRGJ1, TRGJ2	11	NA	NA	11	NA	NA	NA	TGTGCCACCTGTATAGAGAAACTCTTT
1	0.003003003003003	TGTGCCACCTGGGTTGGGAAACTCTTT	CATWVGKLF	TRGV2, TRGV4		TRGJ1, TRGJ2	18	NA	NA	17	NA	NA	NA	TGTGCCACCTGGGTTGGGAAACTCTTT
