cloneId	cloneCount	cloneFraction	targetSequences	targetQualities	allVHitsWithScore	allDHitsWithScore	allJHitsWithScore	allCHitsWithScore	allVAlignments	allDAlignments	allJAlignments	allCAlignments	nSeqImputedFR1	minQualFR1	nSeqImputedCDR1	minQualCDR1	nSeqImputedFR2	minQualFR2	nSeqImputedCDR2	minQualCDR2	nSeqImputedFR3	minQualFR3	nSeqImputedCDR3	minQualCDR3	nSeqImputedFR4	minQualFR4	aaSeqImputedFR1	aaSeqImputedCDR1	aaSeqImputedFR2	aaSeqImputedCDR2	aaSeqImputedFR3	aaSeqImputedCDR3	aaSeqImputedFR4	refPoints
0	246.0	0.03746573256168139	GTCATCTGCTGAAATCACTTGTGATCTTGCTGAAGGAAGTACCGGCTACATCCACTGGTACCTACACCAGGAGGGGAAGGCCCCACAGCGTCTTCTGTACTATGACTCCTACACCTCCAGCGTTGTGTTGGAATCAGGAATCAGCCCAGGGAAGTATGATACTTACGGAAGCACAAGGAAGAACTTGAGAATGATACTGCGAAATCTTATTGAAAATGACTCTGGAGTCTATTACTGTGCCACCTGGGGGATGAATTATTATAAGAAACTCTTTGGCAGTGGAACAACACTTGTTGTCACAGATAAACAACTTGATGCAGATGTTTCCCCCAAGCCCACTATTTTTCTTCCTTCGATTGCTGAAACAAAACTCCAGAAGGCTGGAACATACCTTT	[[[[[[<[[9[9[[[[[[[[[<[[[9[[<[[[<9<<[9<[[9[<<[[[[[[[[[[[[[[[[[[[[[[[[[[[[[[[[[[[[[[[[[[[[[[[[[[[[[[[;[[[[[[[[[[[[[[7[[[[9[[[[[[[[[[[[[[[[[[[[[9[[[[9[[[[[[[[[[[[[[[[[9[[[[[[[[[[[[9[[[[[[[[[[[[[[[[[[[[[[[[[[[[[[[[[[[6[[[[[9[[[[[[[[[[[[[[000000000000000000000000000000000000000[[[[[[[[[[[[[[[9[[[[[9[[[[[[[[[[9[9[[[[[9[[[9[9[[[[[[[[[[[[[[[[[[[[[[[[[[[[[[<[[[[[[[[[[[[6[[9[89[[[[6[4[664[4[44444$3[[[	TRGV4*00(1239.4)		TRGJ2*00(250.9),TRGJ1*00(249.9)	TRGC2*00(455.4),TRGC1*00(422.2)	47|295|320|0|248||1240.0		20|70|70|252|302||250.0;20|42|70|252|274||110.0	;	tcttccaacttggaagggagaacgaagtcagtcatcaggcagactggGTCATCTGCTGAAATCACTTGTGATCTTGCT		GAAGGAAGTACCGGCTAC	24.0	ATCCACTGGTACCTACACCAGGAGGGGAAGGCCCCACAGCGTCTTCTGTAC	58.0	TATGACTCCTACACCTCCAGCGTT	22.0	GTGTTGGAATCAGGAATCAGCCCAGGGAAGTATGATACTTACGGAAGCACAAGGAAGAACTTGAGAATGATACTGCGAAATCTTATTGAAAATGACTCTGGAGTCTATTAC	21.0	TGTGCCACCTGGGGGATGAATTATTATAAGAAACTCTTT	15	GGCAGTGGAACAACACTTGTTGTCACAG	24.0	ssnlegrtksvirqtGSSAEITCDLA	EGSTGY	IHWYLHQEGKAPQRLLY	YDSYTSSV	VLESGISPGKYDTYGSTRKNLRMILRNLIENDSGVYY	CATWGMNYYKKLF	GSGTTLVVT_	:::::31:49:100:124:235:-5:248:::::252:0:274:302::
1	187.0	0.02848004873591228	GTCATCTGCTGAAATCACTTGTGATCTTGCTGAAGGAAGTAACGGCTACATCCACTGGTACCTACACCAGGAGGGGAAGGCCCCACAGCGTCTTCAGTACTATGACTCCTACAACTCCAAGGTTGTGTTGGAATCAGGAGTCAGTCCAGGGAAGTATTATACTTACGCAAGCACAAGGAACAACTTGAGATTGATACTGCAAAATCTAATTGAAAATGACTCTGGGGTCTATTACTGTGCCACCTGGGACGGGCATTATAAGAAACTCTTTGGCAGTGGAACAACACTTGTTGTCACAGATAAACAACTTGATGCAGATGTTTCCCCCAAGCCCACTATTTTTCTTCCTTCAATTGCTGAAACAAAGCTCCAGAAGGCTGGAACATACCTTT	[[[[[[[[[[[[[[[[[[[[[[[[[[[[[[[[[[[[[[[[[[[[[[[[[[8[[[[[[[[[[[[[[8[[[88[[8[8:[[[[[[[[[[[[[[[[[[[[[[[[[[[[[8[[[[[8[[[[[[[[[[[[[[[[[[[[[[[[[[[[[[[[[[[[[[[[[[[[[[[[[[[[[[[[[8[8[[8[[8[[[[[[[;[[[[[[8[[[[[[[[[[[[[[[[[[[[[[[[[[[[[[[[[[[[[[[[[[[[[[[[[[[[[[[[[[[[[[[[[[[[[[[[[[[[[[[[[[[[[[[[[[[[[[[[[[[[[[[[[[[[[[[84[[[[[[[[[[[[[[[[[[7[[[[[[[[[[[[[[7[[[[[[[[[[7[[[[[[[[7[[[[[7[[77[[[[[[[[[[[[[[[7%7[[[	TRGV2*00(1236.4)		TRGJ2*00(226),TRGJ1*00(225)	TRGC1*00(456.6),TRGC2*00(426.3)	47|301|320|0|254|SG247AST268C|1242.0		25|70|70|254|299||225.0;25|42|70|254|271||85.0	;	tcttccaacttggaagggagaacgaagtcagtcatcaggcagactggGTCATCTGCTGAAATCACTTGTGATCTTGCT		GAAGGAAGTAACGGCTAC	58.0	ATCCACTGGTACCTACACCAGGAGGGGAAGGCCCCACAGCGTCTTCAGTAC	23.0	TATGACTCCTACAACTCCAAGGTT	23.0	GTGTTGGAATCAGGAGTCAGTCCAGGGAAGTATTATACTTACGCAAGCACAAGGAACAACTTGAGATTGATACTGCAAAATCTAATTGAAAATGACTCTGGGGTCTATTAC	23.0	TGTGCCACCTGGGACGGGCATTATAAGAAACTCTTT	58	GGCAGTGGAACAACACTTGTTGTCACAG	58.0	ssnlegrtksvirqtGSSAEITCDLA	EGSNGY	IHWYLHQEGKAPQRLQY	YDSYNSKV	VLESGVSPGKYYTYASTRNNLRLILQNLIENDSGVYY	CATWDGHYKKLF	GSGTTLVVT_	:::::31:49:100:124:235:1:254:::::254:-5:271:299::
4	64.0	0.00974718245507158	GTCATCTGCTGAAATCACTTGTGATCTTGCTGAAGGAAGTAACGGCTACATCCACTGGTACCTACACCAGGAGGGGAAGGCCCCACAGCGTCTTCAGTACTATGACTCCTACAACTCCAAGGTTGTGTTGGAATCAGGAGTCAGTCCAGGGAAGTATTATACTTACGCAAGCACAAGGAACAACTTGAGATTGATACTGCAAAATCTAATTGAAAATGACTCTGGGGTCTATTACTGTGCCACCTGGGAGTGTTATAAGAAACTCTTTGGCAGTGGAACAACACTTGTTGTCACAGATAAACAACTTGATGCAGATGTTTCCCCCAAGCCCACTATTTTTCTTCCTTCGATTGCTGAAACAAAACTCCAGAAGGCTGGAACATACCTTT	[[[[[[[[[[[[[[[[[[[[[[[[[[[[[[3[[[[[[[[[[[[[[[[[[[[[[[[[[[[[[[[[[[[[[[[[[[[[[[[[[[[[[[[[[[[[[[[[[[[[[[[[[[[[[[[[[[[[[[[[[[[[[[[[[[[[[[[[[[[[[[[[[[[[[[[[[[[[[[[[[[[[[[[[[[[[[[[[[[[[[[[[[[[[[[[[[[[3[[[[[[[[[[[[[[[[[[[[[[[[[[[[[[[[[[[[[[[[[[[[[[[[[[[[[[[[[[[[[[[[[[[[[[[[[[[[[[[[[[[[[[[[[[[[[[[[[[[[0[[[[[[[[[[[[[[[[[[[[[[[[[[[[[[[[[33333[[[[33[3[3[33.3[33333[[33[[[333[333[3[333[3[03333&3[[[	TRGV2*00(1207.4)		TRGJ2*00(221),TRGJ1*00(220)	TRGC2*00(457.6),TRGC1*00(429.6)	47|296|320|0|249|SG247AST268C|1217.0		26|70|70|252|296||220.0;26|42|70|252|268||80.0	;	tcttccaacttggaagggagaacgaagtcagtcatcaggcagactggGTCATCTGCTGAAATCACTTGTGATCTTGCT		GAAGGAAGTAACGGCTAC	58.0	ATCCACTGGTACCTACACCAGGAGGGGAAGGCCCCACAGCGTCTTCAGTAC	58.0	TATGACTCCTACAACTCCAAGGTT	58.0	GTGTTGGAATCAGGAGTCAGTCCAGGGAAGTATTATACTTACGCAAGCACAAGGAACAACTTGAGATTGATACTGCAAAATCTAATTGAAAATGACTCTGGGGTCTATTAC	18.0	TGTGCCACCTGGGAGTGTTATAAGAAACTCTTT	58	GGCAGTGGAACAACACTTGTTGTCACAG	58.0	ssnlegrtksvirqtGSSAEITCDLA	EGSNGY	IHWYLHQEGKAPQRLQY	YDSYNSKV	VLESGVSPGKYYTYASTRNNLRLILQNLIENDSGVYY	CATWECYKKLF	GSGTTLVVT_	:::::31:49:100:124:235:-4:249:::::252:-6:268:296::
7	29.0	0.004416692049954311	GTCATCTGCTGAAATCACTTGTGATCTTGCTGAAGGAAGTAACGGCTACATCCACTGGTACCTACACCAGGAGGGGAAGGCCCCACAGCGTCTTCAGTACTATGACTCCTACAACTCCAAGGTTGTGTTGGAATCAGGAGTCAGTCCAGGGAAGTATTATACTTACGCAAGCACAAGGAACAACTTGAGATTGATACTGCGAAATCTAATTGAAAATGACTCTGGGGTCTATTACTGTGCCACCTGGGACGCGATCAATTATTATAAGAAACTCTTTGGCAGTGGAACAACACTTGTTGTCACAGATAAACAACTTGATGCAGATGTTTCCCCCAAGCCCACTATTTTTCTTCCTTCGATTGCTGAAACAAAACTCCAGAAGGCTGGAACATACCTT	[[[[[[[[[[[[[[[[[[[[[[[[[[[[[[[[[0[[[[[[[[[[0[[[[[[[[[[[[[[[[[[[[[0[[[[[[[[[[[[[[[[[[[[[[[[[[[[[[[[[[[[[[[[[[[[[0[[[[[[[[[[[[[[[[[[[[[[[[[[[[[[[[[[[[[[[[[[[[[[[[[[[[[[[[[[[[[[[[[[[[[[[[[[0[[[[[[[[[[[[[[[[[[[[[[[[[[[[[[[[[[[[[[[[[[[[[[[//////////////////////////////////////////[[[[[0[[[[[[[[[[[[[[[[[[[[[[[[[[[[[[[[[[[[[[[[[[[[[[[[[[[[[[[[[[[[[[[[[[[[[[[[[[[[[[[[[[[[[[[[[[[[[[[////////,//,/,,$,[[	TRGV2*00(1241.3)		TRGJ2*00(245.5),TRGJ1*00(244.5)	TRGC2*00(455),TRGC1*00(427)	47|298|320|0|251|ST268C|1241.0		21|70|70|256|305||245.0;21|42|70|256|277||105.0	;	tcttccaacttggaagggagaacgaagtcagtcatcaggcagactggGTCATCTGCTGAAATCACTTGTGATCTTGCT		GAAGGAAGTAACGGCTAC	15.0	ATCCACTGGTACCTACACCAGGAGGGGAAGGCCCCACAGCGTCTTCAGTAC	15.0	TATGACTCCTACAACTCCAAGGTT	15.0	GTGTTGGAATCAGGAGTCAGTCCAGGGAAGTATTATACTTACGCAAGCACAAGGAACAACTTGAGATTGATACTGCGAAATCTAATTGAAAATGACTCTGGGGTCTATTAC	15.0	TGTGCCACCTGGGACGCGATCAATTATTATAAGAAACTCTTT	14	GGCAGTGGAACAACACTTGTTGTCACAG	15.0	ssnlegrtksvirqtGSSAEITCDLA	EGSNGY	IHWYLHQEGKAPQRLQY	YDSYNSKV	VLESGVSPGKYYTYASTRNNLRLILRNLIENDSGVYY	CATWDAINYYKKLF	GSGTTLVVT_	:::::31:49:100:124:235:-2:251:::::256:-1:277:305::
20	14.0	0.0021321961620469087	GTCATCTGCTGAAATCACTTGTGATCTTGCTGAAGGAAGTAACGGCTACATCCACTGGTACCTACACCAGGAGGGGAAGGCCCCACAGCGTCTTCAGTACTATGACTCCTACAACTCCAAGGTTGTGTTGGAATCAGGAGTCAGTCCAGGGAAGTATTATACTTACGCAAGCACAAGGAACAACTTGAGATTGATACTGCGAAATCTAATTGAAAATGACTCTGGGGTCTATTACTGTCCCTCTGCTGGATGTAGTGATTGGATCAAGACGTTTGCAAAAGGGACTAGGCTCATAGTAACTTCGCCTGATAAACAACTTGATGCAGATGTTTCCCCCAAGCCCACTATTTTTCTTCCTTCGATTGCTGAAACAAAACTCCAGAAGGCTGGAACATACCTT	[[[[[[[[[[[[[[[[[[[[[[[[[[[[[[[[[[[[[[[[[[[[[[[[[[[[[[[[[[[[[[[[[[[[[[[[[[[[[[[[[[[[[[[[[[[[[[[[[[[[[[[[[[[[[[[[[[[[[[[[[[[[[[[[[,[[[[[[[[[[[[[[[[[[[[[[[[[[[[[[[[[[[[[[[[[[[[[[[[[[[[[[[[[[,[[[[[[[[[[[[[[[[[[[[[[[[[[[[[[[[[[[[[[[[[[[[[[[[[[[[[[[[[[[[[[[[[[[[[[[[[[[[[[[[[[[[[[[[[[[[[[[[[[[[[[[[[[[[[[[[[[[[[[[[[[[[[[[[[[[[[[[[[[[[[[[[[[[[[[[[[[[[[[[[[[[[[[[[[[[[[[[[[[[[[[[[[[[[[[[[[[[[[[[[[[[[[[[%[[[	TRGV2*00(1177.9)		TRGJP2*00(285)	TRGC2*00(457.1),TRGC1*00(429.1)	47|288|320|0|241|ST268CSG285C|1177.0		23|80|80|251|308||285.0	;	tcttccaacttggaagggagaacgaagtcagtcatcaggcagactggGTCATCTGCTGAAATCACTTGTGATCTTGCT		GAAGGAAGTAACGGCTAC	58.0	ATCCACTGGTACCTACACCAGGAGGGGAAGGCCCCACAGCGTCTTCAGTAC	58.0	TATGACTCCTACAACTCCAAGGTT	58.0	GTGTTGGAATCAGGAGTCAGTCCAGGGAAGTATTATACTTACGCAAGCACAAGGAACAACTTGAGATTGATACTGCGAAATCTAATTGAAAATGACTCTGGGGTCTATTAC	11.0	TGTCCCTCTGCTGGATGTAGTGATTGGATCAAGACGTTT	58	GCAAAAGGGACTAGGCTCATAGTAACTTCGCCTG	58.0	ssnlegrtksvirqtGSSAEITCDLA	EGSNGY	IHWYLHQEGKAPQRLQY	YDSYNSKV	VLESGVSPGKYYTYASTRNNLRLILRNLIENDSGVYY	CPSAGCSDWIKTF	AKGTRLIVTSP_	:::::31:49:100:124:235:-12:241:::::251:-3:274:308::
27	11.0	0.001675296984465428	AAACAGCCCGCCTGGAATGTGTGGTGTCTGGAATAACAATTTCTGCAACATCTGTATATTGGTATCGAGAGAGACCTGGTGAAGTCATACAGTTCCTGGTGTCCATTTCATATGACGGCACTGTCAGAAAGGAATCCGGCATTCCGTCAGGCAAATTTGAGGTGGATAGGATACCTGAAACGTCTACATCCACTCTCACCATTCACAATGTAGAGAAACAGGACATAGCTACCTACTACTGTGCCTTGTGGAGGAAGTTGGGCAAAAAAATCAAGGTATTTGGTCCCGGAACAAAGCTTATCATTACAGATAAACAACTTGATGCAGATGTTTCCCCCAAGCCCACTATTTTTCTTCCTTCAATTGCTGAAACAAAGCTCCAGAAGGCTGGAACATACCTT	[[[[[[[[[[[[[[[[[[[[[[[[[[[[[[[[[[[[[[[[[[[[[[[[[[[[[[[[[[[[[[[[[[[[[[[[[[[[[[[[[[[[[[[[[[[[[[[[[[[[[[[[[[[[[[[[[[[[[[[[[[[[[[[[[[[[[[[[[[[[[[[[[[[[+[[[[[[[[[[[[[[[[[[[[[[[[[[[[[[[[[[[[[[[[[[[[[[[[[[[[[[[[[[[[[[[[[[[[[[[[[[[[[[[[[[[[[[[[[[[[[[[[[[[[[[[[[[[[[[[[[[[[[[[[[[[[[[[[[[[[[[[[[[[[[[[[[[[[[[[[[[[[[[[[[[[[[[[[[[[[[[[[[[[[[[[[[[[[[[[[[[[[[[[[[[[[[[[[[[[[[[[[[[[[[[[[[[[[[[[[[[[[[[[[[[[[[[[[&[[[	TRGV9*00(1256.7)		TRGJP*00(270)	TRGC1*00(458.9),TRGC2*00(430.9)	49|304|326|0|254|DG298|1258.0		28|82|82|255|309||270.0	;	gcaggtcacctagagcaacctcaaatttccagtactaaaacgctgtcaaAAACAGCCCGCCTGGAATGTGTGGTGTCT		GGAATAACAATTTCTGCAACATCT	58.0	GTATATTGGTATCGAGAGAGACCTGGTGAAGTCATACAGTTCCTGGTGTCC	58.0	ATTTCATATGACGGCACTGTC	58.0	AGAAAGGAATCCGGCATTCCGTCAGGCAAATTTGAGGTGGATAGGATACCTGAAACGTCTACATCCACTCTCACCATTCACAATGTAGAGAAACAGGACATAGCTACCTACTAC	10.0	TGTGCCTTGTGGAGGAAGTTGGGCAAAAAAATCAAGGTATTT	58	GGTCCCGGAACAAAGCTTATCATTACAG	58.0	aghleqpqisstktlsKTARLECVVS	GITISATS	VYWYRERPGEVIQFLVS	ISYDGTV	RKESGIPSGKFEVDRIPETSTSTLTIHNVEKQDIATYY	CALWRKLGKKIKVF	GPGTKLIIT_	:::::29:53:104:125:239:-2:254:::::255:-8:281:309::
35	10.0	0.0015229972586049347	AAACAGCCCGCCTGGAATGTGTGGTGTCTGGAATAACAATTTCTGCAACATCTGTATATTGGTATCGAGAGAGACCTGGTGAAGTCATACAGTTCCTGGTGTCCATTTCATATGACGGCACTGTCAGAAAGGAATCCGGCATTCCGTCAGGCAAATTTGAGGTGGATAGGATACCTGAAACGTCTACATCCACTCTCACCATTCACAATGTAGAGAAACAGGACATAGCTACCTACTACTGTGCCTTGTGGCCACGCCGGGGGATTTATTATAAGAAACTCTTTGGCAGTGGAACAACACTTGTTGTCACAGATAAACAACTTGATGCAGATGTTTCCCCCAAGCCCACTATTTTTCTTCCTTCGATTGCTGAAACAAAACTCCAGAAGGCTGGAACATATCTT	[[[[[[[[[[[[[[[[[[[[[[[[[[[[[[[[[[[[[[[[[[[[[[[[[[[[[[[[[[[[[[[[[[[[[[[[[[[[[[[[[[[[[[[[[[[[[[[[[[[[[[[[[[[[[[[[[[[[[[[[[[[[[[[[[[[[[[[[[[[[[[[[[[[[[[[[[[[[[[[[[[[[[[[[[[[[[[[[[[[[[[[[[[[[[[[[[[[[[[[[[[[[[[[[[[[[[[[[[[[[[[[[[[[[[[[[[[[[[[[[[[[[[[[[[[[[[[[[[[[[[[[[[[[[[[[[[[[[[[[[[[[[[[[[[[[[[[[[[[[[[[[[[[[[[[[[[[[[[[[[[[[[[[[[[[[[[[[[[+[[[[[[[[[[[[[[[[[[[[[[[[[[[[[[[[[[[[[[[[[[[[[[[[[[[[[+[[[[[[[[$[[[	TRGV9*00(1258.1)		TRGJ2*00(237),TRGJ1*00(236)	TRGC2*00(450.3)	49|300|326|0|251||1255.0		20|70|70|262|312|SA22T|236.0;20|42|70|262|284|SA22T|96.0		gcaggtcacctagagcaacctcaaatttccagtactaaaacgctgtcaaAAACAGCCCGCCTGGAATGTGTGGTGTCT		GGAATAACAATTTCTGCAACATCT	58.0	GTATATTGGTATCGAGAGAGACCTGGTGAAGTCATACAGTTCCTGGTGTCC	58.0	ATTTCATATGACGGCACTGTC	58.0	AGAAAGGAATCCGGCATTCCGTCAGGCAAATTTGAGGTGGATAGGATACCTGAAACGTCTACATCCACTCTCACCATTCACAATGTAGAGAAACAGGACATAGCTACCTACTAC	58.0	TGTGCCTTGTGGCCACGCCGGGGGATTTATTATAAGAAACTCTTT	58	GGCAGTGGAACAACACTTGTTGTCACAG	58.0	aghleqpqisstktlsKTARLECVVS	GITISATS	VYWYRERPGEVIQFLVS	ISYDGTV	RKESGIPSGKFEVDRIPETSTSTLTIHNVEKQDIATYY	CALWPRRGIYYKKLF	GSGTTLVVT_	:::::29:53:104:125:239:-6:251:::::262:0:284:312::
40	9.0	0.0013706975327444412	GTCATCTGCTGAAATCACTTGCGATCTTACTGTAACAAATACCTTCTACATCCACTGGTACCTACACCAGGAGGGGAAGGCCCCACAGCGTCTTCTGTACTATGACGTCTCCACCGCAAGGGATGTGTTGGAATCAGGACTCAGTCCAGGAAAGTATTATACTCATACACCCAGGAGGTGGAGCTGGATATTGAGACTGCAAAATCTAATTGAAAATGATTCTGGGGTCTATTACTGTGCCACCTGGGACAGGCTGAATTATTATAAGAAACTCTTTGGCAGTGGAACAACACTTGTTGTCACAGATAAACAACTTGATGCAGATGTTTCCCCCAAGCCCACTATTTTTCTTCCTTCGATTGCTGAAACAAAACTCCAGAAGGCTGGAACATATCTT	[[[[[[[[[[[[[[[[[[[[[[[[[[[[[[[[[[[[[[[[[[[[[[[[[[[[[[[[[[[[[[[[[[[[[[[[[[[[[[[[[[[[[[[[[[[[[[[[[[[[[[[[[[[[[[[[[[[[[[[[[[[[[[[[[[[[[[[[[[[[[[[[[[[[[[[[[[[[[[[[[[[[[[[[[[[[[[[[[[[[[[[[[[[[[[[[[[[[[[[[[[[[[[[[[[[[[[[[[[[[[[[[[[[[[[[[[[[[[[[[[[[[[[[[[[[[[[[[[[[[[[[[[[[[[[[[[[[[[[[[[[[[[[[[[[[[[[[[[[[[[[[[[[[[[[[[[[[[[[[[[[[[[[[[[[[[[[[[[[[[[[[[[[[[[[[[[[[[[[[[[[[[[[[[[[[[[[[[[[[[[[[[[[[[[[[[[$[[[	TRGV3*00(1272.2),TRGV5*00(1131.7)		TRGJ2*00(251),TRGJ1*00(250)	TRGC2*00(453.9),TRGC1*00(425.9)	47|301|320|0|254||1270.0;282|301|320|235|254||95.0		20|70|70|255|305||250.0;20|42|70|255|277||110.0	;	tcttccaacttggaagggagaacgaagtcagtcaccaggcagactggGTCATCTGCTGAAATCACTTGCGATCTTACT		GTAACAAATACCTTCTAC	58.0	ATCCACTGGTACCTACACCAGGAGGGGAAGGCCCCACAGCGTCTTCTGTAC	58.0	TATGACGTCTCCACCGCAAGGGAT	58.0	GTGTTGGAATCAGGACTCAGTCCAGGAAAGTATTATACTCATACACCCAGGAGGTGGAGCTGGATATTGAGACTGCAAAATCTAATTGAAAATGATTCTGGGGTCTATTAC	58.0	TGTGCCACCTGGGACAGGCTGAATTATTATAAGAAACTCTTT	58	GGCAGTGGAACAACACTTGTTGTCACAG	58.0	ssnlegrtksvtrqtGSSAEITCDLT	VTNTFY	IHWYLHQEGKAPQRLLY	YDVSTARD	VLESGLSPGKYYTHTPRRWSWILRLQNLIENDSGVYY	CATWDRLNYYKKLF	GSGTTLVVT_	:::::31:49:100:124:235:1:254:::::255:0:277:305::
43	8.0	0.0012183978068839474	GTCATCTGCTGAAATCACTTGTGACCTTACTGTAATAAATGCCTTCTACATCCACTGGTACCTACACCAGGAGGGGAAGGCCCCACAGCGTCTTCTGTACTATGACGTCTCCAACTCAAAGGATGTGTTGGAATCAGGACTCAGTCCAGGAAAGTATTATACTCATACACCCAGGAGGTGGAGCTGGATATTGATACTACGAAATCTAATTGAAAATGATTCTGGGGTCTATTACTGTGCCACCTGGGACAGAAATAAGAAACTCTTTGGCAGTGGAACAACACTTGTTGTCACAGATAAACAACTTGATGCAGATGTTTCCCCCAAGCCCACTATTTTTCTTCCTTCGATTGCTGAAACAAAACTCCAGAAGGCTGGAACATATCTT	[[[[[[[[[[[[[[[[[[[[[[[[[[[[[[[[[[[[[[[[[[[[[[[[[[[[[[[[[[[[[[[[[[[[[[[[[[[[[[[[[[[[[[[[[[[[[[[[[[[[[[[[[[[[[[[[[[[[[[[[[[[[[[[[[[[[[[[[[[[[[[[[[[[[[[[[[[[[[[[[[[[[[[[[[[[[[[[[[[[[[[[[[[[[[[[[[[[[[[[[[[[[[[[[[[[[[[[[[[[[[[[[[[[[[[[[[[[[[[[[[[[[[[[[[[[[[[[[[[[[[[[[[[[[[[[[[[[[[[[[[[[[[[[[[[[[[[[[[[[[[[[[[[[[[[[[[[[[[[[[[[[[[[[[[[[[[[[[[[[[[[[[[[[[[[[.[[[[[[[[[[[[[[[[[[[[[[[[[[[[[[[[%[[[	TRGV5*00(1265.6),TRGV3*00(1127.5)		TRGJ2*00(211),TRGJ1*00(210)	TRGC2*00(451.1),TRGC1*00(423.1)	47|299|320|0|252||1260.0;282|299|320|235|252||85.0		28|70|70|254|296||210.0;28|42|70|254|268||70.0	;	tcttccaacttggaagggggaacgaagtcagtcacgaggccgactagGTCATCTGCTGAAATCACTTGTGACCTTACT		GTAATAAATGCCTTCTAC	58.0	ATCCACTGGTACCTACACCAGGAGGGGAAGGCCCCACAGCGTCTTCTGTAC	58.0	TATGACGTCTCCAACTCAAAGGAT	58.0	GTGTTGGAATCAGGACTCAGTCCAGGAAAGTATTATACTCATACACCCAGGAGGTGGAGCTGGATATTGATACTACGAAATCTAATTGAAAATGATTCTGGGGTCTATTAC	58.0	TGTGCCACCTGGGACAGAAATAAGAAACTCTTT	58	GGCAGTGGAACAACACTTGTTGTCACAG	58.0	ssnleggtksvtrptRSSAEITCDLT	VINAFY	IHWYLHQEGKAPQRLLY	YDVSNSKD	VLESGLSPGKYYTHTPRRWSWILILRNLIENDSGVYY	CATWDRNKKLF	GSGTTLVVT_	:::::31:49:100:124:235:-1:252:::::254:-8:268:296::
63	6.0	0.0009137983551629607	GGTCATCAGCTGTAATCACTTGTGATCTTACTGTAATAAATACCTTCTACATCCACTGGTACCTGCACCAGGCGGGGAAGGCCCCACAGCATCTTCCATACTATGACCCCTACTACTCCAGGGTTGTGTTGGAATCAAGAATCAGTAGAGGAAAGTATTTTACTTATGCAAGCATGAGGAGGAGCTGGAAATTGATATTGCAAAATCTAATTGAAAATGATTCTGGATCTATTACTGTGCCACCCGGGTTGAATTACCCACAAATTATTATAAGAAACTCTTTGGCAGTGGAACAACACTTGTTGTCACAGATAAACAACTTGATGCAGATGTTTCCCCCAAGCCCACTATTTTTCTTCCTTCGATTGCTGAAACAAAACTCCAGAAGGCTGGAACATACCTT	[[[[[[[%[[[[%[[[[[[[[[[[[[[[[[[[[[[[[[[[[[[[[[[[[[[[[[[[[[[[[[[[[[[[[[[[[[[[[[[[[[[[[[[[[[[[[[[[[[[[[[[[[[[[[[[[[[[[[[[[[[[[[[[[[[[)[[[[[[[[[[[[[[[[[[[[[[[[[[[[[[[[[[[[[[[[[[[[[[[[[[[[[[[[[[[[[[[[[[[[[[[[[[[[[[[[[[[[[[[[[[[[[[[[[[[[[[[[[[[[[[[[[[[[[[[[[[[[[[[[[[[[[[[[[[[[[[[[[[[[[[[[[[[[[[[[[[[[[[[[[[[[[[[[[[[[[[[[[[[[[[[([[[[[[[[[[[[[[[[[[[[[[[[[[[[[[[[[[[[[[[[[[[[[[[[[[[[[[[[[[[[[[[[[[[[[[[[[[[$[[[	TRGV7*00(1199)		TRGJ2*00(246),TRGJ1*00(245)	TRGC2*00(454),TRGC1*00(426)	46|294|319|0|248|ST53ASC243TST290C|1198.0		21|70|70|262|311||245.0;21|42|70|262|283||105.0	;	tcttccaacttgcaagggagaaggaagtcagtcaccaggccagctgGGTCATCAGCTGTAATCACTTGTGATCTTACT		GTAATAAATACCTTCTAC	58.0	ATCCACTGGTACCTGCACCAGGCGGGGAAGGCCCCACAGCATCTTCCATAC	58.0	TATGACCCCTACTACTCCAGGGTT	58.0	GTGTTGGAATCAAGAATCAGTAGAGGAAAGTATTTTACTTATGCAAGCATGAGGAGGAGCTGGAAATTGATATTGCAAAATCTAATTGAAAATGATTCTGGATCTATTAC	8.0	TGTGCCACCCGGGTTGAATTACCCACAAATTATTATAAGAAACTCTTT	58	GGCAGTGGAACAACACTTGTTGTCACAG	58.0	ssnlqgrrksvtrpaGSSAVITCDLT	VINTFY	IHWYLHQAGKAPQHLPY	YDPYYSRV	VLESRISRGKYFTYASMR_ELEIDIAKSN*K*FWIYY	CATRVELPTNYYKKLF	GSGTTLVVT_	:::::32:50:101:125:235:-5:248:::::262:-1:283:311::
78	4.0	0.0006091989034419737	AAACAGCCCGCCTGGAATGTGTGGTGTCTGGAATAACAATTTCTGCAACATCTGTATATTGGTATCGAGAGAGACCTGGTGAAGTCATACAGTTCCTGGTGTCCATTTCATATGACGGCACTGTCAGAAAGGAATCCGGCATTCCGTCAGGCAAATTTGAGGTGGATAGGATACCTGAAACGTCTACATCCACTCTCACCATTCACAATGTAGAGAAACAGGACATAGCTACCTACTACTGTGCCTTGTGGGAGGTGCAAAGAGAAGAGTTGGGCAAAAAAATCAAGGTATTTGGTCCCGGAACAAAGCTTATCATTACAGATAAACAACTTGATGCAGATGTTTCCCCCAAGCCCACTATTTTTCTTCCTTCAATTGCTGAAACAAAGCTCCAGAAGGCTGGAACATACCTT	[[[[[[[[[[[[[[[[[[[[[[[[[[[[[[[[[[[[[[[[[[[[[[[[[[[[[[[[[[[[[[[[[[[[[[[[[[[[[[[[[[[[[[[[[[[[[[[[[[[[[[[[[[[[[[[[[[[[[[[[[[[[[[[[[[[[[[[[[[[[[[[[[[[[[[[[[[[[[[[[[[[[[[[[[[[[[[[[[[[[[[[[[[[[[[[[[[[[[[[[[[[[[[[[[[[[[[[[[[[[[[[[[[[[[[[[[[[[[[[[[[[[[[[[[[[[[[[[[[[[[[[[[[[[[[[[[[[[[[[[[[[[[[[[[[[[[[[[[[[[[[[[[[[[[[[[[[[[[[[[[[[[[[[[[[[[[[[[[[[[[[[[[[[[[[[[[[[[[[[[[[[[[[[[[[[[[[[[[[[[[[[[[[[[[[[[[[[[[[[[[[[[[[[[['[[[	TRGV9*00(1297.5)		TRGJP*00(285)	TRGC1*00(460.3),TRGC2*00(432.3)	49|308|326|0|259||1295.0		25|82|82|264|321||285.0	;	gcaggtcacctagagcaacctcaaatttccagtactaaaacgctgtcaaAAACAGCCCGCCTGGAATGTGTGGTGTCT		GGAATAACAATTTCTGCAACATCT	58.0	GTATATTGGTATCGAGAGAGACCTGGTGAAGTCATACAGTTCCTGGTGTCC	58.0	ATTTCATATGACGGCACTGTC	58.0	AGAAAGGAATCCGGCATTCCGTCAGGCAAATTTGAGGTGGATAGGATACCTGAAACGTCTACATCCACTCTCACCATTCACAATGTAGAGAAACAGGACATAGCTACCTACTAC	58.0	TGTGCCTTGTGGGAGGTGCAAAGAGAAGAGTTGGGCAAAAAAATCAAGGTATTT	58	GGTCCCGGAACAAAGCTTATCATTACAG	58.0	aghleqpqisstktlsKTARLECVVS	GITISATS	VYWYRERPGEVIQFLVS	ISYDGTV	RKESGIPSGKFEVDRIPETSTSTLTIHNVEKQDIATYY	CALWEVQREELGKKIKVF	GPGTKLIIT_	:::::29:53:104:125:239:2:259:::::264:-5:293:321::
95	4.0	0.0006091989034419737	GTCATCTGCTGAAATCACTTGCGATCTTACTGTAACAAATACCTTCTACATCCACTGGTACCTACACCAGGAGGGGAAGGCCCCACAGCGTCTTCTGTACTATGACGTCTCCACCGCAAGGGATGTGTTGGAATCAGGACTCAGTCCAGGAAAGTATTATACTCATACACCCAGGAGGTGGAGCTGGATATTGAGACTGCAAAATCTAATTGAAAATGATTCTGGGGTCTATTACTGTGCCACCTGGGCCCTGAGGCGTTATTATAAGAAACTCTTTGGCAGTGGAACAACACTTGTTGTCACAGATAAACAACTTGATGCAGATGTTTCCCCCAAGCCCACTATTTTTCTTCCTTCGATTGCTGAAACAAAACTCCAGAAGGCTGGAACATACCTT	[[[[[[[[[[[[[[[[[[[[[[[[[[[[[[[[[[[[[[[[[[[[[[[[[[[[[[[[[[[[[[[[[[[[[[[[[[[[[[[[[[[[[[[[[[[[[[[[[[[[[[[[[[[[[[[[[[[[[[[[[[[[[[[[[[[[[[[[[[[[[[[[[[[[[[[[[[[[[[[[[[[[[[[[[[[[[[[[[[[[[[[[[[[[[[[[[[[[[[[[[[[[[[[[[[[[[[[[[[[[[[[[[[[[[[[[[[[[[[[[[[[[[[[[[[[[[[[[[[[[[[[[[[[[[[[[[[[[[[[[[[[[[[[[[[[[[[[[[[[[[[[[[[[[[[[[[[[[[[[[[[[[[[[[[[[[[[[[[[[[[[[[[[[[[[[[[[[[[[[[[[[[[[[[[[[[[[[[[[[[[[[[[[[[[[[[[$[[[	TRGV5*00(1241),TRGV3*00(1240)		TRGJ2*00(236),TRGJ1*00(235)	TRGC2*00(455.5),TRGC1*00(427.5)	47|295|320|0|248|ST68CSC71TST82CSG87ASA160CST162GSA166GST241GSA245GSG247A|1100.0;282|295|320|235|248||65.0		23|70|70|258|305||235.0;23|42|70|258|277||95.0	;	tcttccaacttggaagggggaacgaagtcagtcacgaggccgactagGTCATCTGCTGAAATCACTTGCGATCTTACT		GTAACAAATACCTTCTAC	58.0	ATCCACTGGTACCTACACCAGGAGGGGAAGGCCCCACAGCGTCTTCTGTAC	58.0	TATGACGTCTCCACCGCAAGGGAT	58.0	GTGTTGGAATCAGGACTCAGTCCAGGAAAGTATTATACTCATACACCCAGGAGGTGGAGCTGGATATTGAGACTGCAAAATCTAATTGAAAATGATTCTGGGGTCTATTAC	58.0	TGTGCCACCTGGGCCCTGAGGCGTTATTATAAGAAACTCTTT	58	GGCAGTGGAACAACACTTGTTGTCACAG	58.0	ssnleggtksvtrptRSSAEITCDLT	VTNTFY	IHWYLHQEGKAPQRLLY	YDVSTARD	VLESGLSPGKYYTHTPRRWSWILRLQNLIENDSGVYY	CATWALRRYYKKLF	GSGTTLVVT_	:::::31:49:100:124:235:-5:248:::::258:-3:277:305::
143	3.0	0.00045689917758148037	GTCATCTGCTGAAATCACTTGTGATCTTGCTGAAGGAAGTAACGGCTACATCCACTGGTACCTACACCAGGAGGGGAAGGCCCCACAGCGTCTTCAGTACTATGACTCCTACAACTCCAAGGTTGTGTTGGAATCAGGAGTCAGTCCAGGGAAGTATTATACTTACGCAAGCACAAGGAACAACTTGAGATTGATACTGCGAAATCTAATTGAAAATGACTCTGGGGTCTATTACTGTGCCACCTGGGACGGGCCGGGGAAACTCTTTGGCAGTGGAACAACACTTGTTGTCACAGATAAACAACTTGATGCAGATGTTTCCCCCAAGCCCACTATTTTTCTTCCTTCGATTGCTGAAACAAAACTCCAGAAGGCTGGAACATACCTT	[[[[[[[[[[[[[[[[[[[[[[[[[[[[[[[[[[[[[[[[[[[[[[[[[[[[[[[[[[[[[[[[[[[[[[[[[[[[[[[[[[[[[[[[[[[[[[[[[[[[[[[[[[[[[[[[[[[[[[[[[[[[[[[[[[[[[[[[[[[[[[[[[[[[[[[[[[[[[[[[[[[[[[[[[[[[[[[[[[[[[[[[[[[[[[[[[[[[[[[[[[[[[[[[[[[[[[[[[[[[[[[[[[[[[[[[[[[[[[[[[[[[[[[[[[[[[[[[[[[[[[[[[[[[[[[[[[[[[[[[[[[[[[[[[[[[[[[[[[[[[[[[[[[[[[[[[[[[[[[[[[[[[[[[[[[[[[[[[[[[[[[[[[[[[[[[[[[[[[[[[[[[[[[[[[[[[[[[[[[[[[[[%[[[	TRGV2*00(1266)		TRGJ2*00(191),TRGJ1*00(190)	TRGC2*00(457),TRGC1*00(429)	47|302|320|0|255|ST268C|1261.0		32|70|70|258|296||190.0;32|42|70|258|268||50.0	;	tcttccaacttggaagggagaacgaagtcagtcatcaggcagactggGTCATCTGCTGAAATCACTTGTGATCTTGCT		GAAGGAAGTAACGGCTAC	58.0	ATCCACTGGTACCTACACCAGGAGGGGAAGGCCCCACAGCGTCTTCAGTAC	58.0	TATGACTCCTACAACTCCAAGGTT	58.0	GTGTTGGAATCAGGAGTCAGTCCAGGGAAGTATTATACTTACGCAAGCACAAGGAACAACTTGAGATTGATACTGCGAAATCTAATTGAAAATGACTCTGGGGTCTATTAC	58.0	TGTGCCACCTGGGACGGGCCGGGGAAACTCTTT	58	GGCAGTGGAACAACACTTGTTGTCACAG	58.0	ssnlegrtksvirqtGSSAEITCDLA	EGSNGY	IHWYLHQEGKAPQRLQY	YDSYNSKV	VLESGVSPGKYYTYASTRNNLRLILRNLIENDSGVYY	CATWDGPGKLF	GSGTTLVVT_	:::::31:49:100:124:235:2:255:::::258:-12:268:296::
144	3.0	0.00045689917758148037	AAACAGCCCGCCTGGAATGTGTGGTGTCTGGAATAACAATTTCTGCAACATCTGTATATTGGTATCGAGAGAGACCTGGTGAAGTCATACAGTTCCTGGTGTCCATTTCATATGACGGCACTGTCAGAAAGGAATCCGGCATTCCGTCAGGCAAATTTGAGGTGGATAGGATACCTGAAACGTCTACATCCACTCTCACCATTCACAATGTAGAGAAACAGGACATAGCTACCTACTACTGTGCCTTGTGGGAGTTCCATTATTATAAGAAACTCTTTGGCAGTGGAACAACACTTGTTGTCACAGATAAACAACTTGATGCAGATGTTTCCCCCAAGCCCACTATTTTTCTTCCTTCGATTGCTGAAACAAAACTCCAGAAGGCTGGAACATACCTT	[[[[[[[[[[[[[[[[[[[[[[[[[[[[[[[[[[[[[[[[[[[[[[[[[[[[[[[[[[[[[[[[[[[[[[[[[[[[[[[[[[[[[[[[[[[[[[[[[[[[[[[[[[[[[[[[[[[[[[[[[[[[[[[[[[[[[[[[[[[[[[[[[[[[[[[[[[[[[[[[[[[[[[[[[[[[[[[[[[[[[[[[[[[[[[[[[[[[[[[[[[[[[[[[[[[[[[[[[[[[[[[[[[[[[[[[[[[[[[[[[[[[[[[[[[[[[[[[[[[[[[[[[[[[[[[[[[[[[[[[[[[[[[[[[[[[[[[[[[[[[[[[[[[[[[[[[[[[[[[[[[[[[[[[[[[[[[[[[[[[[[[[[[[[[[[[[[[[[[[[[[[[[[[[[[[[[[[[[[[[[[[[[[[[[[[[[[[[[[	TRGV9*00(1271.7)		TRGJ2*00(241),TRGJ1*00(240)	TRGC2*00(461.7),TRGC1*00(433.7)	49|303|326|0|254||1270.0		22|70|70|258|306||240.0;22|42|70|258|278||100.0	;	gcaggtcacctagagcaacctcaaatttccagtactaaaacgctgtcaaAAACAGCCCGCCTGGAATGTGTGGTGTCT		GGAATAACAATTTCTGCAACATCT	58.0	GTATATTGGTATCGAGAGAGACCTGGTGAAGTCATACAGTTCCTGGTGTCC	58.0	ATTTCATATGACGGCACTGTC	58.0	AGAAAGGAATCCGGCATTCCGTCAGGCAAATTTGAGGTGGATAGGATACCTGAAACGTCTACATCCACTCTCACCATTCACAATGTAGAGAAACAGGACATAGCTACCTACTAC	58.0	TGTGCCTTGTGGGAGTTCCATTATTATAAGAAACTCTTT	58	GGCAGTGGAACAACACTTGTTGTCACAG	58.0	aghleqpqisstktlsKTARLECVVS	GITISATS	VYWYRERPGEVIQFLVS	ISYDGTV	RKESGIPSGKFEVDRIPETSTSTLTIHNVEKQDIATYY	CALWEFHYYKKLF	GSGTTLVVT_	:::::29:53:104:125:239:-3:254:::::258:-2:278:306::
154	2.0	0.00030459945172098686	TAAACAGCCCGCCTGGAATGTGTGGTGTCTGGAATAACAATTTCTGCAACATCTGTATATTGGTATCGAGAGAGACCTGGTGAAGTCATACAGTTCCTGGTGTCCATTTCATATGACGGCACTGTCAGAAAGGAATCCGGCATTCCGTCAGGCAAATTTGAGGTGGATAGGATACCTGAAACGTCTACATCCACTCTCACCATTCACAATGTAGAGAAACAGGACATAGCTACCTACTACTGTGCCTTGTGGGTGATGCAAGAGTTGGGCAAAAAAATCAAGGTATTTGGTCCCGGAACAAAGCTTATCATTACAGATAAACAACTTGATGCAGATGTTTCCCCCAAGCCCACTATTTTTCTTCCTTCAATTGCTGAAACAAAGCTCCAGAAGGCTGGAACATA	[[[[[[[[[[[[[[[[[[[[[[[[[[[[[[[[[[[[[[[[[[[[[[[[[[[[[[[[[[[[[[[[[[[[[[[[[[[[[[[[[[[[[[[[[[[[[[[[[[[[[[[[[[[[[[[[[[[[[[[[[[[[[[[[[[[[[[[[[[[[[[[[[[[[[[[[[[[[[[[[[[[[[[[[[[[[[[[[[[[[[[[[[[[[[[[[[[[[[[[[[[[[[[[[[[[[[[[[[[[[[[[[[[[[[[[[[[[[[[[[[[[[[[[[[[[[[[[[[[[[[[[[[[[[[[[[[[[[[[[[[[[[[[[[[[[[[[[[[[[[[[[[[[[[[[[[[[[[[[[[[[[[[[[[[[[[[[[[[[[[[[[[[[[[[[[[[[[[[[[[[[[[[[[[[[[[[[[[[[[[[[[[[[[[[[[[[[[[[[[[[[[[	TRGV9*00(1267)		TRGJP*00(295)	TRGC1*00(455.5),TRGC2*00(427.5)	49|308|326|1|260|SA301TSG303A|1267.0		23|82|82|257|316||295.0	;			GGAATAACAATTTCTGCAACATCT	58.0	GTATATTGGTATCGAGAGAGACCTGGTGAAGTCATACAGTTCCTGGTGTCC	58.0	ATTTCATATGACGGCACTGTC	58.0	AGAAAGGAATCCGGCATTCCGTCAGGCAAATTTGAGGTGGATAGGATACCTGAAACGTCTACATCCACTCTCACCATTCACAATGTAGAGAAACAGGACATAGCTACCTACTAC	58.0	TGTGCCTTGTGGGTGATGCAAGAGTTGGGCAAAAAAATCAAGGTATTT	58	GGTCCCGGAACAAAGCTTATCATTACAG	58.0		GITISATS	VYWYRERPGEVIQFLVS	ISYDGTV	RKESGIPSGKFEVDRIPETSTSTLTIHNVEKQDIATYY	CALWVMQELGKKIKVF	GPGTKLIIT_	:::::30:54:105:126:240:2:260:::::257:-3:288:316::
156	2.0	0.00030459945172098686	GGTCATCTGCTGAAATCACTTGTGATCTTGCTGAAGGAAGTAACGGCTACATCCACTGGTACCTACACCAGGAGGGGAAGGCCCCACAGCGTCTTCAGTACTATGACTCCTACAACTCCAAGGTTGTGTTGGAATCAGGAGTCAGTCCAGGGAAGTATTATACTTACGCAAGCACAAGGAACAACTTGAGATTGATACTGCAAAATCTAATTGAAAATGACTCTGGGGTCTATTACTGTGCCACCTGGGACGGGACAGGCAGTAGTGATTGGATCAAGACGTTTGCAAAAGGGACTAGGCTCATAGTAACTTCGCCTGATAAACAACTTGATGCAGATGTTTCCCCCAAGCCCACTATTTTTCTTCCTTCGATTGCTGAAACAAAACTCCAGAAGGCTGGAACATACCTT	[[[[[[[[[[[[[[[[[[[[[[[[[[[[[[[[[[[[[[[[[[[[[[[[[[[[[[[[[[[[[[[[[[[[[[[[[[[[[[[[[[[[[[[[[[[[[[[[[[[[[[[[[[[[[[[[[[[[[[[[[[[[[[[[[[[[[[[[[[[[[[[[[[[[[[[[[[[[[[[[[[[[[[[[[[[[[[[[[[[[[[[[[[[[[[[[[[[[[[[[[[[[[[[[[[[[[[[[[[[[[[[[[[[[[[[[[[[[[[[[[[[[[[[[[[[[[[[[[[[[[[[[[[[[[[[[[[[[[[[[[[[[[[[[[[[[[[[[[[[[[[[[[[[[[[[[[[[[[[[[[[[[[[[[[[[[[[[[[[[[[[[[[[[[[[[[[[[[[[[[[[[[[[[[[[[[[[[[[[[[[[[[[[[[[[[[[[[[[[[[[[[[[[[[[[	TRGV2*00(1242)		TRGJP2*00(290)	TRGC2*00(462.5),TRGC1*00(434.5)	46|300|320|0|254|SG247AST268C|1242.0		22|80|80|260|318||290.0	;	tcttccaacttggaagggagaacgaagtcagtcatcaggcagactgGGTCATCTGCTGAAATCACTTGTGATCTTGCT		GAAGGAAGTAACGGCTAC	58.0	ATCCACTGGTACCTACACCAGGAGGGGAAGGCCCCACAGCGTCTTCAGTAC	58.0	TATGACTCCTACAACTCCAAGGTT	58.0	GTGTTGGAATCAGGAGTCAGTCCAGGGAAGTATTATACTTACGCAAGCACAAGGAACAACTTGAGATTGATACTGCAAAATCTAATTGAAAATGACTCTGGGGTCTATTAC	58.0	TGTGCCACCTGGGACGGGACAGGCAGTAGTGATTGGATCAAGACGTTT	58	GCAAAAGGGACTAGGCTCATAGTAACTTCGCCTG	58.0	ssnlegrtksvirqtGSSAEITCDLA	EGSNGY	IHWYLHQEGKAPQRLQY	YDSYNSKV	VLESGVSPGKYYTYASTRNNLRLILQNLIENDSGVYY	CATWDGTGSSDWIKTF	AKGTRLIVTSP_	:::::32:50:101:125:236:0:254:::::260:-2:284:318::
160	2.0	0.00030459945172098686	GTCATCTGCTGAAATCACTTGTGATCTTGCTGAAGGAAGTAACGGCTACATCCACTGGTACCTACACCAGGAGGGGAAGGCCCCACAGCGTCTTCAGTACTATGACTCCTACAACTCCAAGGTTGTGTTGGAATCAGGAGTCAGTCCAGGGAAGTATTATACTTACGCAAGCACAAGGAACAACTTGAGATTGATACTGCGAAATCTAATTGAAAATGACTCTGGGGTCTATTACTGTGCCACCTGGGACGCCACAAAGTATAGTAGTGATTGGATCAAGACGTTTGCAAAAGGGACTAGGCTCATAGTAACTTCGCCTGATAAACAACTTGATGCAGATGTTTCCCCCAAGCCCACTATTTTTCTTCCTTCGATTGCTGAAACAAAACTCCAGAAGGCTGGAACATA	[[[[[[[[[[[[[[[[[[[[[[[[[[[[[[[[[[[[[[[[[[[[[[[[[[[[[[[[[[[[[[[[[[[[[[[[[[[[[[[[[[[[[[[[[[[[[[[[[[[[[[[[[[[[[[[[[[[[[[[[[[[[[[[[[[[[[[[[[[[[[[[[[[[[[[[[[[[[[[[[[[[[[[[[[[[[[[[[[[[[[[[[[[[[[[[[[[[[[[[[[[[[[[[[[[[[[[[[[[[[[[[[[[[[[[[[[[[[[[[[[[[[[[[[[[[[[[[[[[[[[[[[[[[[[[[[[[[[[[[[[[[[[[[[[[[[[[[[[[[[[[[[[[[[[[[[[[[[[[[[[[[[[[[[[[[[[[[[[[[[[[[[[[[[[[[[[[[[[[[[[[[[[[[[[[[[[[[[[[[[[[[[[[[[[[[[[[[[[[[[[[[[[[[[	TRGV2*00(1243.5)		TRGJP2*00(305)	TRGC2*00(455.5),TRGC1*00(427.5)	47|298|320|0|251|ST268C|1241.0		19|80|80|259|320||305.0	;	tcttccaacttggaagggagaacgaagtcagtcatcaggcagactggGTCATCTGCTGAAATCACTTGTGATCTTGCT		GAAGGAAGTAACGGCTAC	58.0	ATCCACTGGTACCTACACCAGGAGGGGAAGGCCCCACAGCGTCTTCAGTAC	58.0	TATGACTCCTACAACTCCAAGGTT	58.0	GTGTTGGAATCAGGAGTCAGTCCAGGGAAGTATTATACTTACGCAAGCACAAGGAACAACTTGAGATTGATACTGCGAAATCTAATTGAAAATGACTCTGGGGTCTATTAC	58.0	TGTGCCACCTGGGACGCCACAAAGTATAGTAGTGATTGGATCAAGACGTTT	58	GCAAAAGGGACTAGGCTCATAGTAACTTCGCCTG	58.0	ssnlegrtksvirqtGSSAEITCDLA	EGSNGY	IHWYLHQEGKAPQRLQY	YDSYNSKV	VLESGVSPGKYYTYASTRNNLRLILRNLIENDSGVYY	CATWDATKYSSDWIKTF	AKGTRLIVTSP_	:::::31:49:100:124:235:-2:251:::::259:1:286:320::
164	2.0	0.00030459945172098686	GGGTCATCTGCTGAAATCACTTGTGATCTTGCTGAAGGAAGTACCGGCTACATCCACTGGTACCTACACCAGGAGGGGAAGGCCCCACAGCGTCTTCTGTACTATGACTCCTACACCTCCAGCGTTGTGTTGGAATCAGGAATCAGCCCAGGGAAGTATGATACTTACGGAAGCACAAGGAAGAACTTGAGAATGATACTGCGAAATCTTATTGAAAATGACTCTGGAGTCTATTACTGTGCCACCTGGGACCTCCCCGGAGGAATTTATTATAAGAAACTCTTTGGCAGTGGAACAACACTTGTTGTCACAGATAAACAACTTGATGCAGATGTTTCCCCCAAGCCCACTATTTTTCTTCCTTCGATTGCTGAAACAAAACTCCAGAAGGCTGGAACATATCTT	[[[[[[[[[[[[[[[[[[[[[[[[[[[[[[[[[[[[[[[[[[[[[[[[[[[[[[[[[[[[[[[[[[[[[[[[[[[[[[[[[[[[[[[[[[[[[[[[[[[[[[[[[[[[[[[[[[[[[[[[[[[[[[[[[[[[[[[[[[[[[[[[[[[[[[[[[[[[[[[[[[[[[[[[[[[[[[[[[[[[[[[[[[[[[[[[[[[[[[[[[[[[[[[[[[[[[[[[[[[[[[[[[[[[[[[[[[[[[[[[[[[[[[[[[[[[[[[[[[[[[[[[[[[[[[[[[[[[[[[[[[[[[[[[[[[[[[[[[[[[[[[[[[[[[[[[[[[[[[[[[[[[[[[[[[[[[[[[[[[[[[[[[[[[[[[[[[[[[[[[[[[[[[[[[[[[[[[[[[[[[[[[[[[[[[[[[[[[[[[[[[[[[	TRGV4*00(1257.5)		TRGJ2*00(239),TRGJ1*00(238)	TRGC2*00(448.5),TRGC1*00(420.5)	45|296|320|0|251||1255.0		20|70|70|262|313|I25T|238.0;20|42|70|262|285|I25T|98.0	;	tcttccaacttggaagggagaacgaagtcagtcatcaggcagactGGGTCATCTGCTGAAATCACTTGTGATCTTGCT		GAAGGAAGTACCGGCTAC	58.0	ATCCACTGGTACCTACACCAGGAGGGGAAGGCCCCACAGCGTCTTCTGTAC	58.0	TATGACTCCTACACCTCCAGCGTT	58.0	GTGTTGGAATCAGGAATCAGCCCAGGGAAGTATGATACTTACGGAAGCACAAGGAAGAACTTGAGAATGATACTGCGAAATCTTATTGAAAATGACTCTGGAGTCTATTAC	58.0	TGTGCCACCTGGGACCTCCCCGGAGGAATTTATTATAAGAAACTCTTT	58	GGCAGTGGAACAACACTTGTTGTCACAG	58.0	ssnlegrtksvirqtGSSAEITCDLA	EGSTGY	IHWYLHQEGKAPQRLLY	YDSYTSSV	VLESGISPGKYDTYGSTRKNLRMILRNLIENDSGVYY	CATWDLPGGIYYKKLF	GSGTTLVVT_	:::::33:51:102:126:237:-4:251:::::262:0:285:313::
178	2.0	0.00030459945172098686	GTCATCAGCTGTAATCACTTGTGATCTTCCTGTAGAAAATGCCGTCTACACCCACTGGTACCTACACCAGGAGGGGAAGGCCCCACAGCGTCTTCTGTACTATGACTCCTACAACTCCAGGGTTGTGTTGGAATCAGGAATCAGTCGAGAAAAGTATCATACTTATGCAAGCACAGGGAAGAGCCTT,AATTTATACTGGAAAATCTAATTGAACGTGACTCTGGGGTCTATTACTGTGCCACCTGGGCCCCACGGCGGTATAGTAGTGATTGGATCAAGACGTTTGCAAAAGGGACTAGGCTCATAGTAACTTCGCCTGATAAACAACTTGATGCAGATGTTTCCCCCAAGCCCACTATTTTTCTTCCTTCGATTGCTGAAACAAAACTCCAGAAGGCTGGAACATATCTT	[[[[[[[[[[[[[[[[[[[[[[[[[[[[[[[[[[[[[[[[[[[[[[[[[[[[[[[[[[[[[[[[[[[[[[[[[[[[[[[[[[[[[[[[[[[[[[[[[[[[[[[[[[[[[[[[[[[[[[[[[[[[[[[[[[[[[[[[[[[[[[[[[[[[[[[[[[[[[[[[[[[[[[[[[[[[[[[[[[[[[[[[[[[,[[[[[[[[[[[[[[[[[[[[[[[[[[[[[[[[[[[[[[[[[[[[[[[[[[[[[[[[[[[[[[[[[[[[[[[[[[[[[[[[[[[[[[[[[[[[[[[[[[[[[[[[[[[[[[[[[[[[[[[[[[[[[[[[[[[[[[[[[[[[[[[[[[[[[[[[[[[[[[[[[[[[[[[[[[[[[[[[[[[[[[[[[[[[[[[[[[[[[[[[[[[[[[[[[[[[[[[[[[[[[[[[	TRGV8*00(1234)		TRGJP2*00(305)	TRGC2*00(448.5),TRGC1*00(420.5)	47|234|320|0|187||935.0,235|295|320|0|60||300.0		,19|80|80|71|132||305.0	,;,	tcttccaacttggaagggagaacaaagtcagtcaccaggccaactggGTCATCAGCTGTAATCACTTGTGATCTTCCT		GTAGAAAATGCCGTCTAC	58.0	ACCCACTGGTACCTACACCAGGAGGGGAAGGCCCCACAGCGTCTTCTGTAC	58.0	TATGACTCCTACAACTCCAGGGTT	58.0	GTGTTGGAATCAGGAATCAGTCGAGAAAAGTATCATACTTATGCAAGCACAGGGAAGAGCCTTaAATTTATACTGGAAAATCTAATTGAACGTGACTCTGGGGTCTATTAC		TGTGCCACCTGGGCCCCACGGCGGTATAGTAGTGATTGGATCAAGACGTTT	58	GCAAAAGGGACTAGGCTCATAGTAACTTCGCCTG	58.0	ssnlegrtksvtrptGSSAVITCDLP	VENAVY	THWYLHQEGKAPQRLLY	YDSYNSRV	VLESGISREKYHTYASTGKSLKFILENLIERDSGVYY	CATWAPRRYSSDWIKTF	AKGTRLIVTSP_	:::::31:49:100:124:::::::::::::,:::::::::47:-5:60:::::71:1:98:132::
179	2.0	0.00030459945172098686	GTCATCTGCTGAAATCACTTGTGACCTTACTGTAATAAATGCCTTCTACATCCACTGGTACCTACACCAGGAGGGGAAGGCCCCACAGCGTCTTCTGTACTATGACGTCTCCAACTCAAAGGATGTGTTGGAATCAGGACTCAGTCCAGGAAAGTATTATACTCATACACCCAGGAGGTGGAGCTGGATATTGATACTACGAAATCTAATTGAAAATGATTCTGGGGTCTATTACTGTGCCACCTGGGACAGAATGGGGGTCTATTATAAGAAACTCTTTGGCAGTGGAACAACACTTGTTGTCACAGATAAACAAC,TGATGCAGATGTTTCCCCCAAGCCCACTATTTTTCTTCCTTCGATTGCTGAAACAAAACTCCAGAAGGCTGGAACATATCTT	[[[[[[[[[[[[[[[[[[[[[[[[[[[[[[[[[[[[[[[[[[[[[[[[[[[[[[[[[[[[[[[[[[[[[[[[[[[[[[[[[[[[[[[[[[[[[[[[[[[[[[[[[[[[[[[[[[[[[[[[[[[[[[[[[[[[[[[[[[[[[[[[[[[[[[[[[[[[[[[[[[[[[[[[[[[[[[[[[[[[[[[[[[[[[[[[[[[[[[[[[[[[[[[[[[[[[[[[[[[[[[[[[[[[[[[[[[[[[[[[[[[[[[[[[[[[[[[[[[[[[[[[[[[[[[[[[[[[[[[[[[[[[[[[[[[[[[[[[[[[[[[[[[[[[[[[[[[[[,[[[[[[[[[[[[W[[[[[[[[[[[[[[[[[[[[[[[[[[[[[[[[[[[[[[[[[[[[[[[[[[[[[[[[[[[[[[[[[[[[[	TRGV5*00(1262.5),TRGV3*00(1122.5)		TRGJ2*00(231),TRGJ1*00(230)	TRGC2*00(439),TRGC1*00(411)	47|299|320|0|252||1260.0,;282|299|320|235|252||85.0,		24|70|70|262|308||230.0,;24|42|70|262|280||90.0,	,;,	tcttccaacttggaagggggaacgaagtcagtcacgaggccgactagGTCATCTGCTGAAATCACTTGTGACCTTACT		GTAATAAATGCCTTCTAC	58.0	ATCCACTGGTACCTACACCAGGAGGGGAAGGCCCCACAGCGTCTTCTGTAC	58.0	TATGACGTCTCCAACTCAAAGGAT	58.0	GTGTTGGAATCAGGACTCAGTCCAGGAAAGTATTATACTCATACACCCAGGAGGTGGAGCTGGATATTGATACTACGAAATCTAATTGAAAATGATTCTGGGGTCTATTAC	58.0	TGTGCCACCTGGGACAGAATGGGGGTCTATTATAAGAAACTCTTT	58	GGCAGTGGAACAACACTTGTTGTCACAG	58.0	ssnleggtksvtrptRSSAEITCDLT	VINAFY	IHWYLHQEGKAPQRLLY	YDVSNSKD	VLESGLSPGKYYTHTPRRWSWILILRNLIENDSGVYY	CATWDRMGVYYKKLF	GSGTTLVVT_	:::::31:49:100:124:235:-1:252:::::262:-4:280:308::,:::::::::::::::::::::
193	2.0	0.00030459945172098686	GTCATCTGCTGAAATCACTTGCGATCTTACTGTAACAAATACCTTCTACATCCACTGGTACCTACACCAGGAGGGGAAGGCCCCACAGCGTCTTCTGTACTATGACGTCTCCACCGCAAGGGATGTGTTGGAATCAGGACTCAGTCCAGGAAAGTATTATACTCATACACCCAGGAGGTGGAGCTGGATATTGAGACTGCAAAATCTAATTGAAAATGATTCTGGGGTCTATTACTGTGCCACCTGGGACAGGCTGACGGATTATTATAAGAAACTCTTTGGCAGTGGAACAACACTTGTTGTCACAGATAAACAACTTGATGCAGATGTTTCCCCCAAGCCCACTATTTTTCTTCCTTCGATTGCTGAAACAAAACTCCAGAAGGCTGGAACATA	[[[[[[[[[[[[[[[[[[[[[[[[[[[[[[[[[[[[[[[[[[[[[[[[[[[[[[[[[[[[[[[[[[[[[[[[[[[[[[[[[[[[[[[[[[[[[[[[[[[[[[[[[[[[[[[[[[[[[[[[[[[[[[[[[[[[[[[[[[[[[[[[[[[[[[[[[[[[[[[[[[[[[[[[[[[[[[[[[[[[[[[[[[[[[[[[[[[[[[[[[[[[[[[[[[[[[[[[[[[[[[[[[[[[[[[[[[[[[[[[[[[[[[[[[[[[[[[[[[[[[[[[[[[[[[[[[[[[[[[[[[[[[[[[[[[[[[[[[[[[[[[[[[[[[[[[[[[[[[[[[[[[[[[[[[[[[[[[[[[[[[[[[[[[[[[[[[[[[[[[[[[[[[[[[[[[[[[[[[[[[[[[[[[[[[[[[[[[	TRGV5*00(1271),TRGV3*00(1270)		TRGJ2*00(242),TRGJ1*00(241)	TRGC2*00(458),TRGC1*00(430)	47|301|320|0|254|ST68CSC71TST82CSG87ASA160CST162GSA166GST241GSA245GSG247A|1130.0;282|301|320|235|254||95.0		19|70|70|257|308|SA21G|241.0;19|42|70|257|280|SA21G|101.0	;	tcttccaacttggaagggggaacgaagtcagtcacgaggccgactagGTCATCTGCTGAAATCACTTGCGATCTTACT		GTAACAAATACCTTCTAC	58.0	ATCCACTGGTACCTACACCAGGAGGGGAAGGCCCCACAGCGTCTTCTGTAC	58.0	TATGACGTCTCCACCGCAAGGGAT	58.0	GTGTTGGAATCAGGACTCAGTCCAGGAAAGTATTATACTCATACACCCAGGAGGTGGAGCTGGATATTGAGACTGCAAAATCTAATTGAAAATGATTCTGGGGTCTATTAC	58.0	TGTGCCACCTGGGACAGGCTGACGGATTATTATAAGAAACTCTTT	58	GGCAGTGGAACAACACTTGTTGTCACAG	58.0	ssnleggtksvtrptRSSAEITCDLT	VTNTFY	IHWYLHQEGKAPQRLLY	YDVSTARD	VLESGLSPGKYYTHTPRRWSWILRLQNLIENDSGVYY	CATWDRLTDYYKKLF	GSGTTLVVT_	:::::31:49:100:124:235:1:254:::::257:1:280:308::
209	2.0	0.00030459945172098686	AAACAGCCCGCCTGGAATGTGTGGTGTCTGGAATAACAATTTCTGCAACATCTGTATATTGGTATCGAGAGAGACCTGGTGAAGTCATACAGTTCCTGGTGTCCATTTCATATGACGGCACTGTCAGAAAGGAATCCGGCATTCCGTCAGGCAAATTTGAGGTGGATAGGATACCTGAAACGTCTACATCCACTCTCACCATTCACAATGTAGAGAAACAGGACATAGCTACCTACTACTGTGCCTTGTGGGAGGTGCGCCGACATAGGAGGAAACTCTTTGGCAGTGGAACAACACTTGTTGTCACAGATAAACAACTTGATGCAGATGTTTCCCCCAAGCCCACTATTTTTCTTCCTTCGATTGCTGAAACAAAACTCCAGAAGGCTGGAACATATCTT	[[[[[[[[[[[[[[[[[[[[[[[[[[[[[[[[[[[[[[[[[[[[[[[[[[[[[[[[[[[[[[[[[[[[[[[[[[[[[[[[[[[[[[[[[[[[[[[[[[[[[[[[[[[[[[[[[[[[[[[[[[[[[[[[[[[[[[[[[[[[[[[[[[[[[[[[[[[[[[[[[[[[[[[[[[[[[[[[[[[[[[[[[[[[[[[[[[[[[[[[[[[[[[[[[[[[[[[[[[[[[[[[[[[[[[[[[[[[[[[[[[[[[[[[[[[[[[[[[[[[[[[[[[[[[[[[[[[[[[[[[[[[[[[[[[[[[[[[[[[[[[[[[[[[[[[[[[[[[[[[[[[[[[[[[[[[[[[[[[[[[[[[[[[[[[[[[[[[[[[[[[[[[[[[[[[[[[[[[[[[[[[[[[[[[[[[[[[[[[[[[	TRGV9*00(1292.5)		TRGJ2*00(191),TRGJ1*00(190)	TRGC2*00(451),TRGC1*00(423)	49|310|326|0|261|SA307G|1291.0		32|70|70|271|309||190.0;32|42|70|271|281||50.0	;	gcaggtcacctagagcaacctcaaatttccagtactaaaacgctgtcaaAAACAGCCCGCCTGGAATGTGTGGTGTCT		GGAATAACAATTTCTGCAACATCT	58.0	GTATATTGGTATCGAGAGAGACCTGGTGAAGTCATACAGTTCCTGGTGTCC	58.0	ATTTCATATGACGGCACTGTC	58.0	AGAAAGGAATCCGGCATTCCGTCAGGCAAATTTGAGGTGGATAGGATACCTGAAACGTCTACATCCACTCTCACCATTCACAATGTAGAGAAACAGGACATAGCTACCTACTAC	58.0	TGTGCCTTGTGGGAGGTGCGCCGACATAGGAGGAAACTCTTT	58	GGCAGTGGAACAACACTTGTTGTCACAG	58.0	aghleqpqisstktlsKTARLECVVS	GITISATS	VYWYRERPGEVIQFLVS	ISYDGTV	RKESGIPSGKFEVDRIPETSTSTLTIHNVEKQDIATYY	CALWEVRRHRRKLF	GSGTTLVVT_	:::::29:53:104:125:239:4:261:::::271:-12:281:309::
267	2.0	0.00030459945172098686	GTCATCTGCTGAAATCACTTGTGATCTTGCTGAAGGAAGTACCGGCTACATCCACTGGTACCTACACCAGGAGGGGAAGGCCCCACAGCGTCTTCTGTACTATGACTCCTACACCTCCAGCGTTGTGTTGGAATCAGGAATCAGCCCAGGGAAGTATGATACTTACGGAAGCACAAGGAAGAACTTGAGAATGATACTGCGAAATCTTATTGAAAATGACTCTGGAGTCTATTACTGTGCCACCTGGGATGGGCGGTATAAGAAACTCTTTGGCAGTGGAACAACACTTGTTGTCACAGATAAACAACTTGATGCAGATGTTTCCCCC,AGCCCACTATTTTTCTTCCTTCGATTGCTGAAACAAAACTCCAGAAGGCTGGAACATACCTT	[[[[[[[[[[[[[[[[[[[[[[[[[[[[[[[[[[[[[[[[[[[[[[[[[[[[[[[[[[[[[[[[[[[[[[[[[[[[[[[[[[[[[[[[[[[[[[[[[[[[[[[[[[[[[[[[[[[[[[[[[[[[[[[[[[[[[[[[[[[[[[[[[[[[[[[[[[[[[[[[[[[[[[[[[[[[[[[[[[[[[[[[[[[[[[[[[[[[[[[[[[[[[[[[[[[[[[[[[[[[[[[[[[[[[[[[[[[[[[[[[[[[[[[[[[[[[[[[[[[[[[[[[[[[[[[[[[[[[[[[[[[[[[[[[[[[[[[[[[[[[[[[[[[[[[[[[[[[[[[[[[[[[[[[,[[[[[[[[[[[[[[[[[[[[[[[[[[[[[[[[[[[[[[[[[[[[[[[[[[[[[[[[[[[[[[	TRGV4*00(1275)		TRGJ2*00(216),TRGJ1*00(215)	TRGC2*00(455.5),TRGC1*00(427.5)	47|301|320|0|254||1270.0,		27|70|70|256|299||215.0,;27|42|70|256|271||75.0,	,;,	tcttccaacttggaagggagaacgaagtcagtcatcaggcagactggGTCATCTGCTGAAATCACTTGTGATCTTGCT		GAAGGAAGTACCGGCTAC	58.0	ATCCACTGGTACCTACACCAGGAGGGGAAGGCCCCACAGCGTCTTCTGTAC	58.0	TATGACTCCTACACCTCCAGCGTT	58.0	GTGTTGGAATCAGGAATCAGCCCAGGGAAGTATGATACTTACGGAAGCACAAGGAAGAACTTGAGAATGATACTGCGAAATCTTATTGAAAATGACTCTGGAGTCTATTAC	58.0	TGTGCCACCTGGGATGGGCGGTATAAGAAACTCTTT	58	GGCAGTGGAACAACACTTGTTGTCACAG	58.0	ssnlegrtksvirqtGSSAEITCDLA	EGSTGY	IHWYLHQEGKAPQRLLY	YDSYTSSV	VLESGISPGKYDTYGSTRKNLRMILRNLIENDSGVYY	CATWDGRYKKLF	GSGTTLVVT_	:::::31:49:100:124:235:1:254:::::256:-7:271:299::,:::::::::::::::::::::
278	2.0	0.00030459945172098686	GTCATCTGCTGAAATCACTTGCGATCTTACTGTAACAAATACCTTCTACATCCACTGGTACCTACACCAGGAGGGGAAGGCCCCACAGCGTCTTCTGTACTATGACGTCTCCACCGCAAGGGATGTGTTGGAATCAGGACTCAGTCCAGGAAAGTATTATACTCATACACCCAGGAGGTGGAGCTGGATATTGAGACTGCAAAATCTAATTGAAAATGATTCTGGGGTCTATTACTGTGCCACCTGGGACAGGCCCCGGTATAAGAAACTCTTTGGCAGTGGAACAACACTTGTTGTCACAGATAAACAACTTGATGCAGATGTTTCCCCCAAGCCCACTATTTTTCTTCCTTCGATTGCTGAAACAAAACTCCAGAAGGCTGGAACATACCTT	[[[[[[[[[[[[[[[[[[[[[[[[[[[[[[[[[[[[[[[[[[[[[[[[[[[[[[[[[[[[[[[[[[[[[[[[[[[[[[[[[[[[[[[[[[[[[[[[[[[[[[[[[[[[[[[[[[[[[[[[[[[[[[[[[[[[[[[[[[[[[[[[[[[[[[[[[[[[[[[[[[[[[[[[[[[[[[[[[[[[[[[[[[[[[[[[[[[[[[[[[[[[[[[[[[[[[[[[[[[[[[[[[[[[[[[[[[[[[[[[[[[[[[[[[[[[[[[[[[[[[[[[[[[[[[[[[[[[[[[[[[[[[[[[[[[[[[[[[[[[[[[[[[[[[[[[[[[[[[[[[[[[[[[[[[[[[[[[[[[[[[[[[[[[[[[[[[[[[[[[[[[[[[[[[[[[[[[[[[[[[[[[[[[[[[[[[[	TRGV5*00(1276),TRGV3*00(1275)		TRGJ2*00(216),TRGJ1*00(215)	TRGC2*00(462.5),TRGC1*00(434.5)	47|302|320|0|255|ST68CSC71TST82CSG87ASA160CST162GSA166GST241GSA245GSG247A|1135.0;282|302|320|235|255||100.0		27|70|70|259|302||215.0;27|42|70|259|274||75.0	;	tcttccaacttggaagggggaacgaagtcagtcacgaggccgactagGTCATCTGCTGAAATCACTTGCGATCTTACT		GTAACAAATACCTTCTAC	58.0	ATCCACTGGTACCTACACCAGGAGGGGAAGGCCCCACAGCGTCTTCTGTAC	58.0	TATGACGTCTCCACCGCAAGGGAT	58.0	GTGTTGGAATCAGGACTCAGTCCAGGAAAGTATTATACTCATACACCCAGGAGGTGGAGCTGGATATTGAGACTGCAAAATCTAATTGAAAATGATTCTGGGGTCTATTAC	58.0	TGTGCCACCTGGGACAGGCCCCGGTATAAGAAACTCTTT	58	GGCAGTGGAACAACACTTGTTGTCACAG	58.0	ssnleggtksvtrptRSSAEITCDLT	VTNTFY	IHWYLHQEGKAPQRLLY	YDVSTARD	VLESGLSPGKYYTHTPRRWSWILRLQNLIENDSGVYY	CATWDRPRYKKLF	GSGTTLVVT_	:::::31:49:100:124:235:2:255:::::259:-7:274:302::
380	2.0	0.00030459945172098686	AAAACAGCCCGCCTGGAATGTGTGGTGTCTGGAATAACAATTTCTGCAACATCTGTATATTGGTATCGAGAGAGACC,GGTGAAGTCATACAGTTCCTGGTGTCCATTTCATATGACGGCACTGTCAGAAAGGAATCCGGCATTCCGTCAGGCAAATTTGAGGTGGATAGGATACCTGAAACGTCTACATCCACTCTCACCATTCACAATGTAGAGAAACAGGACATAGCTACCTACTACTGTGCCTTGTGGGAGTCCTATTATAAGAAACTCTTTGGCAGTGGAACAACACTTGTTGTCACAGATAAACAACTTGATGCAGATGTTTCCCCCAAGCCCACTATTTTTCTTCCTTCGATTGCTGAAACAAAACTCCAGAAGGCTGGAACATACCTT	[[[[[[[[[[[[[[[[[[[[[[[[[[[[[[[[[[[[[[[[[[[[[[[[[[[[[[[[[[[[[[[[[[[[[[[[[[[[[,[[[[[[[[[[[[[[[[[[[[[[[[[[[[[[[[[[[[[[[[[[[[[[[[[[[[[[[[[[[[[[[[[[[[[[[[[[[[[[[[[[[[[[[[[[[[[[[[[[[[[[[[[[[[[[[[[[[[[[[[[[[[[[[[[[[[[[[[[[[[[[[[[[[[[[[[[[[[[[[[[[[[[[[[[[[[[[[[[[[[[[[[[[[[[[[[[[[[[[[[[[[[[[[[[[[[[[[[[[[[[[[[[[[[[[[[[[[[[[[[[[[[[[[[[[[[[[[[[[[[[[[[[[[[[[[[[[[[[[[[[[[[[[[[[[[[[[[[[[[[[[[[[[[[[[[[[[[[[[	TRGV9*00(1270.5)		TRGJ2*00(231),TRGJ1*00(230)	TRGC2*00(460),TRGC1*00(432)	48|125|326|0|77||385.0,126|303|326|0|177||885.0		,24|70|70|180|226||230.0;,24|42|70|180|198||90.0	,;,	gcaggtcacctagagcaacctcaaatttccagtactaaaacgctgtcaAAAACAGCCCGCCTGGAATGTGTGGTGTCT		GGAATAACAATTTCTGCAACATCT	58.0	GTATATTGGTATCGAGAGAGACCtGGTGAAGTCATACAGTTCCTGGTGTCC		ATTTCATATGACGGCACTGTC	58.0	AGAAAGGAATCCGGCATTCCGTCAGGCAAATTTGAGGTGGATAGGATACCTGAAACGTCTACATCCACTCTCACCATTCACAATGTAGAGAAACAGGACATAGCTACCTACTAC	58.0	TGTGCCTTGTGGGAGTCCTATTATAAGAAACTCTTT	58	GGCAGTGGAACAACACTTGTTGTCACAG	58.0	aghleqpqisstktlsKTARLECVVS	GITISATS	VYWYRERpGEVIQFLVS	ISYDGTV	RKESGIPSGKFEVDRIPETSTSTLTIHNVEKQDIATYY	CALWESYYKKLF	GSGTTLVVT_	:::::30:54:::::::::::::::,:::::::27:48:162:-3:177:::::180:-4:198:226::
385	2.0	0.00030459945172098686	TATGTCATCTGCTGAAATCACTTGTGATCTTGCTGAAGGAAGTACCGGCTACATCCACTGGTACCTACACCAGGAGGGGAAGGCCCCACAGCGTCTTCTGTACTATGACTCCTACACCTCCAGCGTTGTGTTGGAATCAGGAATCAGCCCAGGGAAGTATGATACTTACGGAAGCACAAGGAAGAACTTGAGAATGATACTGCGAAATCTTATTGAAAATGACTCTGGAGTCTATTACTGTGCCACCTCACTCTTTGGCAGTGGAACAACACTTGTTGTCACAGATAAACAACTTGATGCAGATGTTTCCCCCAAGCCCACTATTTTTCTTCCTTCAATTGCTGAAACAAAGCTCCAGAAGGCTGGAACATACCTT	[[[[[[[[[[[[[[[[[[[[[[[[[[[[[[[[[[[[[[[[[[[[[[[[[[[[[[[[[[[[[[[[[[[[[[[[[[[[[[[[[[[[[[[[[[[[[[[[[[[[[[[[[[[[[[[[[[[[[[[[[[[[[[[[[[[[[[[[[[[[[[[[[[[[[[[[[[[[[[[[[[[[[[[[[[[[[[[[[[[[[[[[[[[[[[[[[[[[[[[[[[[[[[[[[[[[[[[[[[[[[[[[[[[[[[[[[[[[[[[[[[[[[[[[[[[[[[[[[[[[[[[[[[[[[[[[[[[[[[[[[[[[[[[[[[[[[[[[[[[[[[[[[[[[[[[[[[[[[[[[[[[[[[[[[[[[[[[[[[[[[[[[[[[[[[[[[[[[[[[[[[[[[[[[[[[[[[[[	TRGV4*00(1225)		TRGJ2*00(176),TRGJ1*00(175)	TRGC1*00(462.5),TRGC2*00(434.5)	47|292|320|3|248||1225.0		35|70|70|249|284||175.0;35|42|70|249|256||35.0	;			GAAGGAAGTACCGGCTAC	58.0	ATCCACTGGTACCTACACCAGGAGGGGAAGGCCCCACAGCGTCTTCTGTAC	58.0	TATGACTCCTACACCTCCAGCGTT	58.0	GTGTTGGAATCAGGAATCAGCCCAGGGAAGTATGATACTTACGGAAGCACAAGGAAGAACTTGAGAATGATACTGCGAAATCTTATTGAAAATGACTCTGGAGTCTATTAC	58.0	TGTGCCACCTCACTCTTT	58	GGCAGTGGAACAACACTTGTTGTCACAG	58.0		EGSTGY	IHWYLHQEGKAPQRLLY	YDSYTSSV	VLESGISPGKYDTYGSTRKNLRMILRNLIENDSGVYY	CATSLF	GSGTTLVVT_	:::::34:52:103:127:238:-8:248:::::249:-15:256:284::
642	1.0	0.00015229972586049346	TGTGCCTTGTGGGAGGTCCTTGTGTTTCAAGAGTTGGGCAAAAAAATCAAGGTATTT	GGGGGGGGGGGGGGGGGGGGGGGGGGGGGGGGGGGGGGGGGGGGGGGGGGGGGGGGG	TRGV9*00(1285)		TRGJP*00(290)	TRGC1*00(446),TRGC2*00(418)	288|305|326|0|17||85.0		24|54|82|27|57||150.0	;	gcaggtcacctagagcaacctcaaatttccagtactaaaacgctgtcaaaaacagcccgcctggaatgtgtggtgtct		ggaataacaatttctgcaacatct		gtatattggtatcgagagagacctggtgaagtcatacagttcctggtgtcc		atttcatatgacggcactgtc		agaaaggaatccggcattccgtcaggcaaatttgaggtggataggatacctgaaacgtctacatccactctcaccattcacaatgtagagaaacaggacatagctacctactac		TGTGCCTTGTGGGAGGTCCTTGTGTTTCAAGAGTTGGGCAAAAAAATCAAGGTATTT	38	ggtcccggaacaaagcttatcattacag		aghleqpqisstktlsktarlecvvs	gitisats	vywyrerpgeviqflvs	isydgtv	rkesgipsgkfevdripetststltihnvekqdiatyy	CALWEVLVFQELGKKIKVF	gpgtkliit_	:::::::::0:-1:17:::::27:-4:57:::
885	1.0	0.00015229972586049346	TGTGCCACCTGGGACGCCACAAAGTATAGTAGTGATTGGATTAAGACGTTT	HHHHHHHHHHHHHHHHHHHHHHHHHHHHHHHHHHHHHHHHHHHHHHHHHHH	TRGV2*00(1246)		TRGJP2*00(291)	TRGC2*00(446),TRGC1*00(418)	282|298|320|0|16||80.0		19|46|80|24|51|SC36T|121.0	;	tcttccaacttggaagggagaacgaagtcagtcatcaggcagactgggtcatctgctgaaatcacttgtgatcttgct		gaaggaagtaacggctac		atccactggtacctacaccaggaggggaaggccccacagcgtcttcagtac		tatgactcctacaactccaaggtt		gtgttggaatcaggagtcagtccagggaagtattatacttacgcaagcacaaggaacaacttgagattgatactgcgaaatctaattgaaaatgactttggggtctattac		TGTGCCACCTGGGACGCCACAAAGTATAGTAGTGATTGGATTAAGACGTTT	39	gcaaaagggactaggctcatagtaacttcgcctg		ssnlegrtksvirqtgssaeitcdla	egsngy	ihwylhqegkapqrlqy	ydsynskv	vlesgvspgkyytyastrnnlrlilrnliendfgvyy	CATWDATKYSSDWIKTF	akgtrlivtsp_	:::::::::0:-2:16:::::24:1:51:::
894	1.0	0.00015229972586049346	TGTGCCTTGTGGGAGGTGCTCGCCCTACGGAATTATTATAAGAAACTCTTT	DDDDDDDDDDDDDDDDDDDDDDDDDDDDDDDDDDDDDDDDDDDDDDDDDDD	TRGV9*00(1290)		TRGJ2*00(251),TRGJ1*00(250)	TRGC1*00(465),TRGC2*00(437)	288|307|326|0|19||95.0		20|42|70|29|51||110.0;20|42|70|29|51||110.0	;	gcaggtcacctagagcaacctcaaatttccagtactaaaacgctgtcaaaaacagcccgcctggaatgtgtggtgtct		ggaataacaatttctgcaacatct		gtatattggtatcgagagagacctggtgaagtcatacagttcctggtgtcc		atttcatatgacggcactgtc		agaaaggaatccggcattccgtcaggcaaatttgaggtggataggatacctgaaacgtctacatccactctcaccattcacaatgtagagaaacaggacatagctacctactac		TGTGCCTTGTGGGAGGTGCTCGCCCTACGGAATTATTATAAGAAACTCTTT	35	ggcagtggaacaacacttgttgtcacag		aghleqpqisstktlsktarlecvvs	gitisats	vywyrerpgeviqflvs	isydgtv	rkesgipsgkfevdripetststltihnvekqdiatyy	CALWEVLALRNYYKKLF	gsgttlvvt_	:::::::::0:1:19:::::29:0:51:::
950	1.0	0.00015229972586049346	TGTGCCACCTGGGCCCCACGGCGGTATAGTAGTGATTGGATCGAGACGTTT	GGGGGGGGGGGGGGGGGGGGGGGGGGGGGGGGGGGGGGGGGGGGGGGGGGG	TRGV8*00(1240)		TRGJP2*00(291)	TRGC2*00(460),TRGC1*00(432)	282|295|320|0|13||65.0		19|46|80|24|51|SA37G|121.0	;	tcttccaacttggaagggagaacaaagtcagtcaccaggccaactgggtcatcagctgtaatcacttgtgatcttcct		gtagaaaatgccgtctac		acccactggtacctacaccaggaggggaaggccccacagcgtcttctgtac		tatgactcctacaactccagggtt		gtgttggaatcaggaatcagtcgagaaaagtatcatacttatgcaagcacagggaagagccttaaatttatactggaaaatctaattgaacgtgactctggggtctattac		TGTGCCACCTGGGCCCCACGGCGGTATAGTAGTGATTGGATCGAGACGTTT	38	gcaaaagggactaggctcatagtaacttcgcctg		ssnlegrtksvtrptgssavitcdlp	venavy	thwylhqegkapqrlly	ydsynsrv	vlesgisrekyhtyastgkslkfilenlierdsgvyy	CATWAPRRYSSDWIETF	akgtrlivtsp_	:::::::::0:-5:13:::::24:1:51:::
1129	1.0	0.00015229972586049346	TGTGCCTTGTGGGAGTCACAAGAGTTGGGCAAAAAAATCAAGGTATTT	GGGGGGGGGGGGGGGGGGGGGGGGGGGGGGGGGGGGGGGGGGGGGGGG	TRGV9*00(1270)		TRGJP*00(290)	TRGC1*00(451),TRGC2*00(423)	288|303|326|0|15||75.0		24|54|82|18|48||150.0	;	gcaggtcacctagagcaacctcaaatttccagtactaaaacgctgtcaaaaacagcccgcctggaatgtgtggtgtct		ggaataacaatttctgcaacatct		gtatattggtatcgagagagacctggtgaagtcatacagttcctggtgtcc		atttcatatgacggcactgtc		agaaaggaatccggcattccgtcaggcaaatttgaggtggataggatacctgaaacgtctacatccactctcaccattcacaatgtagagaaacaggacatagctacctactac		TGTGCCTTGTGGGAGTCACAAGAGTTGGGCAAAAAAATCAAGGTATTT	38	ggtcccggaacaaagcttatcattacag		aghleqpqisstktlsktarlecvvs	gitisats	vywyrerpgeviqflvs	isydgtv	rkesgipsgkfevdripetststltihnvekqdiatyy	CALWESQELGKKIKVF	gpgtkliit_	:::::::::0:-3:15:::::18:-4:48:::
1140	1.0	0.00015229972586049346	TGTGCCTTGTGGGAGGTGGAAGGGTTGGGCAAAAAAATCAAGGTATTT	GGGGGGGGGGGGGGGGGGGGGGGGGGGGGGGGGGGGGGGGGGGGGGGG	TRGV9*00(1285)		TRGJP*00(271)	TRGC1*00(465),TRGC2*00(437)	288|306|326|0|18||90.0		25|54|82|19|48|SA28G|131.0	;	gcaggtcacctagagcaacctcaaatttccagtactaaaacgctgtcaaaaacagcccgcctggaatgtgtggtgtct		ggaataacaatttctgcaacatct		gtatattggtatcgagagagacctggtgaagtcatacagttcctggtgtcc		atttcatatgacggcactgtc		agaaaggaatccggcattccgtcaggcaaatttgaggtggataggatacctgaaacgtctacatccactctcaccattcacaatgtagagaaacaggacatagctacctactac		TGTGCCTTGTGGGAGGTGGAAGGGTTGGGCAAAAAAATCAAGGTATTT	38	ggtcccggaacaaagcttatcattacag		aghleqpqisstktlsktarlecvvs	gitisats	vywyrerpgeviqflvs	isydgtv	rkesgipsgkfevdripetststltihnvekqdiatyy	CALWEVEGLGKKIKVF	gpgtkliit_	:::::::::0:0:18:::::19:-5:48:::
1157	1.0	0.00015229972586049346	TGTGCCTTGTGGGAATACCAAGAGTTGGGCAAAAAAATCAAGGTATTT	GGGGGGGGGGGGGGGGGGGGGGGGGGGGGGGGGGGGGGGGGGGGGGGG	TRGV9*00(1275)		TRGJP*00(290)	TRGC1*00(451),TRGC2*00(423)	288|302|326|0|14||70.0		24|54|82|18|48||150.0	;	gcaggtcacctagagcaacctcaaatttccagtactaaaacgctgtcaaaaacagcccgcctggaatgtgtggtgtct		ggaataacaatttctgcaacatct		gtatattggtatcgagagagacctggtgaagtcatacagttcctggtgtcc		atttcatatgacggcactgtc		agaaaggaatccggcattccgtcaggcaaatttgaggtggataggatacctgaaacgtctacatccactctcaccattcacaatgtagagaaacaggacatagctacctactac		TGTGCCTTGTGGGAATACCAAGAGTTGGGCAAAAAAATCAAGGTATTT	38	ggtcccggaacaaagcttatcattacag		aghleqpqisstktlsktarlecvvs	gitisats	vywyrerpgeviqflvs	isydgtv	rkesgipsgkfevdripetststltihnvekqdiatyy	CALWEYQELGKKIKVF	gpgtkliit_	:::::::::0:-4:14:::::18:-4:48:::
1162	1.0	0.00015229972586049346	TGTGCCTTGTGGGAGGTGCAGCAGTTGGGCAAAAAAATCAAGGTATTT	GGGGGGGGGGGGGGGGGGGGGGGGGGGGGGGGGGGGGGGGGGGGGGGG	TRGV9*00(1295)		TRGJP*00(270)	TRGC1*00(465),TRGC2*00(437)	288|308|326|0|20||100.0		28|54|82|22|48||130.0	;	gcaggtcacctagagcaacctcaaatttccagtactaaaacgctgtcaaaaacagcccgcctggaatgtgtggtgtct		ggaataacaatttctgcaacatct		gtatattggtatcgagagagacctggtgaagtcatacagttcctggtgtcc		atttcatatgacggcactgtc		agaaaggaatccggcattccgtcaggcaaatttgaggtggataggatacctgaaacgtctacatccactctcaccattcacaatgtagagaaacaggacatagctacctactac		TGTGCCTTGTGGGAGGTGCAGCAGTTGGGCAAAAAAATCAAGGTATTT	38	ggtcccggaacaaagcttatcattacag		aghleqpqisstktlsktarlecvvs	gitisats	vywyrerpgeviqflvs	isydgtv	rkesgipsgkfevdripetststltihnvekqdiatyy	CALWEVQQLGKKIKVF	gpgtkliit_	:::::::::0:2:20:::::22:-8:48:::
1167	1.0	0.00015229972586049346	TGTGCCTTGTGGGAGGTGGAAGAGTTGGGCAAAAAAATCAAGGTATTT	GGGGGGGGGGGGGGGGGGGGGGGGGGGGGGGGGGGGGGGGGGGGGGGG	TRGV9*00(1285)		TRGJP*00(285)	TRGC1*00(465),TRGC2*00(437)	288|306|326|0|18||90.0		25|54|82|19|48||145.0	;	gcaggtcacctagagcaacctcaaatttccagtactaaaacgctgtcaaaaacagcccgcctggaatgtgtggtgtct		ggaataacaatttctgcaacatct		gtatattggtatcgagagagacctggtgaagtcatacagttcctggtgtcc		atttcatatgacggcactgtc		agaaaggaatccggcattccgtcaggcaaatttgaggtggataggatacctgaaacgtctacatccactctcaccattcacaatgtagagaaacaggacatagctacctactac		TGTGCCTTGTGGGAGGTGGAAGAGTTGGGCAAAAAAATCAAGGTATTT	38	ggtcccggaacaaagcttatcattacag		aghleqpqisstktlsktarlecvvs	gitisats	vywyrerpgeviqflvs	isydgtv	rkesgipsgkfevdripetststltihnvekqdiatyy	CALWEVEELGKKIKVF	gpgtkliit_	:::::::::0:0:18:::::19:-5:48:::
1195	1.0	0.00015229972586049346	TGTGCCTTGTGGGAGGAAAAAGAGTTGGGCAAAAAAATCAAGGTATTT	FFFFFFFFFFFFFFFFFFFFFFFFFFFFFFFFFFFFFFFFFFFFFFFF	TRGV9*00(1275)		TRGJP*00(285)	TRGC1*00(460),TRGC2*00(432)	288|304|326|0|16||80.0		25|54|82|19|48||145.0	;	gcaggtcacctagagcaacctcaaatttccagtactaaaacgctgtcaaaaacagcccgcctggaatgtgtggtgtct		ggaataacaatttctgcaacatct		gtatattggtatcgagagagacctggtgaagtcatacagttcctggtgtcc		atttcatatgacggcactgtc		agaaaggaatccggcattccgtcaggcaaatttgaggtggataggatacctgaaacgtctacatccactctcaccattcacaatgtagagaaacaggacatagctacctactac		TGTGCCTTGTGGGAGGAAAAAGAGTTGGGCAAAAAAATCAAGGTATTT	37	ggtcccggaacaaagcttatcattacag		aghleqpqisstktlsktarlecvvs	gitisats	vywyrerpgeviqflvs	isydgtv	rkesgipsgkfevdripetststltihnvekqdiatyy	CALWEEKELGKKIKVF	gpgtkliit_	:::::::::0:-2:16:::::19:-5:48:::
1202	1.0	0.00015229972586049346	TGTGCCTTGTGGGAGGTGCAAGAGTTGGGCAAAAAAATCAAGGTATTT	EEEEEEEEEEEEEEEEEEEEEEEEEEEEEEEEEEEEEEEEEEEEEEEE	TRGV9*00(1295)		TRGJP*00(295)	TRGC1*00(451),TRGC2*00(423)	288|308|326|0|20||100.0		23|54|82|17|48||155.0	;	gcaggtcacctagagcaacctcaaatttccagtactaaaacgctgtcaaaaacagcccgcctggaatgtgtggtgtct		ggaataacaatttctgcaacatct		gtatattggtatcgagagagacctggtgaagtcatacagttcctggtgtcc		atttcatatgacggcactgtc		agaaaggaatccggcattccgtcaggcaaatttgaggtggataggatacctgaaacgtctacatccactctcaccattcacaatgtagagaaacaggacatagctacctactac		TGTGCCTTGTGGGAGGTGCAAGAGTTGGGCAAAAAAATCAAGGTATTT	36	ggtcccggaacaaagcttatcattacag		aghleqpqisstktlsktarlecvvs	gitisats	vywyrerpgeviqflvs	isydgtv	rkesgipsgkfevdripetststltihnvekqdiatyy	CALWEVQELGKKIKVF	gpgtkliit_	:::::::::0:2:20:::::17:-3:48:::
1595	1.0	0.00015229972586049346	TGTGCCTTGTGGGGGCAAGAGTTGGGCAAAAAAATCAAGGTATTT	GGGGGGGGGGGGGGGGGGGGGGGGGGGGGGGGGGGGGGGGGGGGG	TRGV9*00(1260)		TRGJP*00(305)	TRGC1*00(446),TRGC2*00(418)	288|301|326|0|13||65.0		21|54|82|12|45||165.0	;	gcaggtcacctagagcaacctcaaatttccagtactaaaacgctgtcaaaaacagcccgcctggaatgtgtggtgtct		ggaataacaatttctgcaacatct		gtatattggtatcgagagagacctggtgaagtcatacagttcctggtgtcc		atttcatatgacggcactgtc		agaaaggaatccggcattccgtcaggcaaatttgaggtggataggatacctgaaacgtctacatccactctcaccattcacaatgtagagaaacaggacatagctacctactac		TGTGCCTTGTGGGGGCAAGAGTTGGGCAAAAAAATCAAGGTATTT	38	ggtcccggaacaaagcttatcattacag		aghleqpqisstktlsktarlecvvs	gitisats	vywyrerpgeviqflvs	isydgtv	rkesgipsgkfevdripetststltihnvekqdiatyy	CALWGQELGKKIKVF	gpgtkliit_	:::::::::0:-5:13:::::12:-1:45:::
1627	1.0	0.00015229972586049346	TGTGCCACCTGGGATGTGAGCCTTAATTATTATAAGAAACTCTTT	DDDDDDDDDDDDDDDDDDDDDDDDDDDDDDDDDDDDDDDDDDDDD	TRGV4*00(1255)		TRGJ2*00(246),TRGJ1*00(245)	TRGC2*00(465),TRGC1*00(437)	282|298|320|0|16||80.0		21|42|70|24|45||105.0;21|42|70|24|45||105.0	;	tcttccaacttggaagggagaacgaagtcagtcatcaggcagactgggtcatctgctgaaatcacttgtgatcttgct		gaaggaagtaccggctac		atccactggtacctacaccaggaggggaaggccccacagcgtcttctgtac		tatgactcctacacctccagcgtt		gtgttggaatcaggaatcagcccagggaagtatgatacttacggaagcacaaggaagaacttgagaatgatactgcgaaatcttattgaaaatgactctggagtctattac		TGTGCCACCTGGGATGTGAGCCTTAATTATTATAAGAAACTCTTT	35	ggcagtggaacaacacttgttgtcacag		ssnlegrtksvirqtgssaeitcdla	egstgy	ihwylhqegkapqrlly	ydsytssv	vlesgispgkydtygstrknlrmilrnliendsgvyy	CATWDVSLNYYKKLF	gsgttlvvt_	:::::::::0:-2:16:::::24:-1:45:::
1636	1.0	0.00015229972586049346	TGTGCCTTGTGGGAGGAGAGGTTGGGCAAAAAAATCAAGGTATTT	GGGGGGGGGGGGGGGGGGGGGGGGGGGGGGGGGGGGGGGGGGGGG	TRGV9*00(1275)		TRGJP*00(268)	TRGC1*00(460),TRGC2*00(432)	288|304|326|0|16||80.0		26|54|82|16|45|I30G|128.0	;	gcaggtcacctagagcaacctcaaatttccagtactaaaacgctgtcaaaaacagcccgcctggaatgtgtggtgtct		ggaataacaatttctgcaacatct		gtatattggtatcgagagagacctggtgaagtcatacagttcctggtgtcc		atttcatatgacggcactgtc		agaaaggaatccggcattccgtcaggcaaatttgaggtggataggatacctgaaacgtctacatccactctcaccattcacaatgtagagaaacaggacatagctacctactac		TGTGCCTTGTGGGAGGAGAGGTTGGGCAAAAAAATCAAGGTATTT	38	ggtcccggaacaaagcttatcattacag		aghleqpqisstktlsktarlecvvs	gitisats	vywyrerpgeviqflvs	isydgtv	rkesgipsgkfevdripetststltihnvekqdiatyy	CALWEERLGKKIKVF	gpgtkliit_	:::::::::0:-2:16:::::16:-6:45:::
1652	1.0	0.00015229972586049346	TGTGCCACCTGGGATGCGCCTGGGCGTGATTGGATCAAGACGTTT	GGGGGGGGGGGGGGGGGGGGGGGGGGGGGGGGGGGGGGGGGGGGG	TRGV4*00(1261)		TRGJP2*00(270)	TRGC2*00(465),TRGC1*00(437)	282|302|320|0|20|SG298C|86.0		26|46|80|25|45||100.0	;	tcttccaacttggaagggagaacgaagtcagtcatcaggcagactgggtcatctgctgaaatcacttgtgatcttgct		gaaggaagtaccggctac		atccactggtacctacaccaggaggggaaggccccacagcgtcttctgtac		tatgactcctacacctccagcgtt		gtgttggaatcaggaatcagcccagggaagtatgatacttacggaagcacaaggaagaacttgagaatgatactgcgaaatcttattgaaaatgactctggagtctattac		TGTGCCACCTGGGATGCGCCTGGGCGTGATTGGATCAAGACGTTT	38	gcaaaagggactaggctcatagtaacttcgcctg		ssnlegrtksvirqtgssaeitcdla	egstgy	ihwylhqegkapqrlly	ydsytssv	vlesgispgkydtygstrknlrmilrnliendsgvyy	CATWDAPGRDWIKTF	akgtrlivtsp_	:::::::::0:2:20:::::25:-6:45:::
1675	1.0	0.00015229972586049346	TGTGCCACCTGGGATGGAAAATCCATTTATTATAAGAAACTCTTT	EEEEEEEEEEEEEEEEEEEEEEEEEEEEEEEEEEEEEEEEEEEEE	TRGV4*00(1275)		TRGJ2*00(236),TRGJ1*00(235)	TRGC2*00(465),TRGC1*00(437)	282|299|320|0|17||85.0		23|42|70|26|45||95.0;23|42|70|26|45||95.0	;	tcttccaacttggaagggagaacgaagtcagtcatcaggcagactgggtcatctgctgaaatcacttgtgatcttgct		gaaggaagtaccggctac		atccactggtacctacaccaggaggggaaggccccacagcgtcttctgtac		tatgactcctacacctccagcgtt		gtgttggaatcaggaatcagcccagggaagtatgatacttacggaagcacaaggaagaacttgagaatgatactgcgaaatcttattgaaaatgactctggagtctattac		TGTGCCACCTGGGATGGAAAATCCATTTATTATAAGAAACTCTTT	36	ggcagtggaacaacacttgttgtcacag		ssnlegrtksvirqtgssaeitcdla	egstgy	ihwylhqegkapqrlly	ydsytssv	vlesgispgkydtygstrknlrmilrnliendsgvyy	CATWDGKSIYYKKLF	gsgttlvvt_	:::::::::0:-1:17:::::26:-3:45:::
2335	1.0	0.00015229972586049346	TGTGCCTTGTGGGAGGTGCTGGGCAAAAAAATCAAGGTATTT	GGGGGGGGGGGGGGGGGGGGGGGGGGGGGGGGGGGGGGGGGG	TRGV9*00(1290)		TRGJP*00(255)	TRGC1*00(451),TRGC2*00(423)	288|307|326|0|19||95.0		31|54|82|19|42||115.0	;	gcaggtcacctagagcaacctcaaatttccagtactaaaacgctgtcaaaaacagcccgcctggaatgtgtggtgtct		ggaataacaatttctgcaacatct		gtatattggtatcgagagagacctggtgaagtcatacagttcctggtgtcc		atttcatatgacggcactgtc		agaaaggaatccggcattccgtcaggcaaatttgaggtggataggatacctgaaacgtctacatccactctcaccattcacaatgtagagaaacaggacatagctacctactac		TGTGCCTTGTGGGAGGTGCTGGGCAAAAAAATCAAGGTATTT	38	ggtcccggaacaaagcttatcattacag		aghleqpqisstktlsktarlecvvs	gitisats	vywyrerpgeviqflvs	isydgtv	rkesgipsgkfevdripetststltihnvekqdiatyy	CALWEVLGKKIKVF	gpgtkliit_	:::::::::0:1:19:::::19:-11:42:::
2351	1.0	0.00015229972586049346	TGTGCCTTGTGGGAGCTTCAGAATTATTATAAGAAACTCTTT	FFFFFFFFFFFFFFFFFFFFFFFFFFFFFFFFFFFFFFFFFF	TRGV9*00(1270)		TRGJ2*00(254),TRGJ1*00(253)	TRGC2*00(446),TRGC1*00(418)	288|303|326|0|15||75.0		17|42|70|16|42|I20A|113.0;17|42|70|16|42|I20A|113.0	;	gcaggtcacctagagcaacctcaaatttccagtactaaaacgctgtcaaaaacagcccgcctggaatgtgtggtgtct		ggaataacaatttctgcaacatct		gtatattggtatcgagagagacctggtgaagtcatacagttcctggtgtcc		atttcatatgacggcactgtc		agaaaggaatccggcattccgtcaggcaaatttgaggtggataggatacctgaaacgtctacatccactctcaccattcacaatgtagagaaacaggacatagctacctactac		TGTGCCTTGTGGGAGCTTCAGAATTATTATAAGAAACTCTTT	37	ggcagtggaacaacacttgttgtcacag		aghleqpqisstktlsktarlecvvs	gitisats	vywyrerpgeviqflvs	isydgtv	rkesgipsgkfevdripetststltihnvekqdiatyy	CALWELQNYYKKLF	gsgttlvvt_	:::::::::0:-3:15:::::16:3:42:::
2390	1.0	0.00015229972586049346	TGTGCCACCTGGGATGGGCAGGATTATTATAAGAAACTCTTT	DDDDDDDDDDDDDDDDDDDDDDDDDDDDDDDDDDDDDDDDDD	TRGV4*00(1275)		TRGJ2*00(241),TRGJ1*00(240)	TRGC2*00(465),TRGC1*00(437)	282|301|320|0|19||95.0		22|42|70|22|42||100.0;22|42|70|22|42||100.0	;	tcttccaacttggaagggagaacgaagtcagtcatcaggcagactgggtcatctgctgaaatcacttgtgatcttgct		gaaggaagtaccggctac		atccactggtacctacaccaggaggggaaggccccacagcgtcttctgtac		tatgactcctacacctccagcgtt		gtgttggaatcaggaatcagcccagggaagtatgatacttacggaagcacaaggaagaacttgagaatgatactgcgaaatcttattgaaaatgactctggagtctattac		TGTGCCACCTGGGATGGGCAGGATTATTATAAGAAACTCTTT	35	ggcagtggaacaacacttgttgtcacag		ssnlegrtksvirqtgssaeitcdla	egstgy	ihwylhqegkapqrlly	ydsytssv	vlesgispgkydtygstrknlrmilrnliendsgvyy	CATWDGQDYYKKLF	gsgttlvvt_	:::::::::0:1:19:::::22:-2:42:::
2392	1.0	0.00015229972586049346	TGTGCCACCTGGGATGGGCTGCGTTATTATAAGAAACTCTTT	DDDDDDDDDDDDDDDDDDDDDDDDDDDDDDDDDDDDDDDDDD	TRGV4*00(1280)		TRGJ2*00(236),TRGJ1*00(235)	TRGC2*00(446),TRGC1*00(418)	282|301|320|0|19||95.0		23|42|70|23|42||95.0;23|42|70|23|42||95.0	;	tcttccaacttggaagggagaacgaagtcagtcatcaggcagactgggtcatctgctgaaatcacttgtgatcttgct		gaaggaagtaccggctac		atccactggtacctacaccaggaggggaaggccccacagcgtcttctgtac		tatgactcctacacctccagcgtt		gtgttggaatcaggaatcagcccagggaagtatgatacttacggaagcacaaggaagaacttgagaatgatactgcgaaatcttattgaaaatgactctggagtctattac		TGTGCCACCTGGGATGGGCTGCGTTATTATAAGAAACTCTTT	35	ggcagtggaacaacacttgttgtcacag		ssnlegrtksvirqtgssaeitcdla	egstgy	ihwylhqegkapqrlly	ydsytssv	vlesgispgkydtygstrknlrmilrnliendsgvyy	CATWDGLRYYKKLF	gsgttlvvt_	:::::::::0:1:19:::::23:-3:42:::
2395	1.0	0.00015229972586049346	TGTGCCACCTGGGACGGGAAGGAACGGTGGTTCAAGATATTT	HHHHHHHHHHHHHHHHHHHHHHHHHHHHHHHHHHHHHHHHHH	TRGV2*00(1233)		TRGJP1*00(245)	TRGC1*00(460),TRGC2*00(432)	282|300|320|0|18||90.0		31|46|80|27|42||75.0	;	tcttccaacttggaagggagaacgaagtcagtcatcaggcagactgggtcatctgctgaaatcacttgtgatcttgct		gaaggaagtaacggctac		atccactggtacctacaccaggaggggaaggccccacagcgtcttcagtac		tatgactcctacaactccaaggtt		gtgttggaatcaggagtcagtccagggaagtattatacttacgcaagcacaaggaacaacttgagattgatactgcgaaatctaattgaaaatgactttggggtctattac		TGTGCCACCTGGGACGGGAAGGAACGGTGGTTCAAGATATTT	39	gctgaagggactaagctcatagtaacttcacctg		ssnlegrtksvirqtgssaeitcdla	egsngy	ihwylhqegkapqrlqy	ydsynskv	vlesgvspgkyytyastrnnlrlilrnliendfgvyy	CATWDGKERWFKIF	aegtklivtsp_	:::::::::0:0:18:::::27:-11:42:::
3190	1.0	0.00015229972586049346	TGTGCCACCTGGGATAGGACTTATTATAAGAAACTCTTT	EEEEEEEEEEEEEEEEEEEEEEEEEEEEEEEEEEEEEEE	TRGV8*00(1276)		TRGJ2*00(236),TRGJ1*00(235)	TRGC2*00(465),TRGC1*00(437)	282|303|320|0|21|SC300A|91.0		20|42|70|17|39|SA22C|96.0;20|42|70|17|39|SA22C|96.0	;	tcttccaacttggaagggagaacaaagtcagtcaccaggccaactgggtcatcagctgtaatcacttgtgatcttcct		gtagaaaatgccgtctac		acccactggtacctacaccaggaggggaaggccccacagcgtcttctgtac		tatgactcctacaactccagggtt		gtgttggaatcaggaatcagtcgagaaaagtatcatacttatgcaagcacagggaagagccttaaatttatactggaaaatctaattgaacgtgactctggggtctattac		TGTGCCACCTGGGATAGGACTTATTATAAGAAACTCTTT	36	ggcagtggaacaacacttgttgtcacag		ssnlegrtksvtrptgssavitcdlp	venavy	thwylhqegkapqrlly	ydsynsrv	vlesgisrekyhtyastgkslkfilenlierdsgvyy	CATWDRTYYKKLF	gsgttlvvt_	:::::::::0:3:21:::::17:0:39:::
3197	1.0	0.00015229972586049346	TGTGCCACCTGGGACGGTAGTGATTGGATCAAGACGTTT	GGGGGGGGGGGGGGGGGGGGGGGGGGGGGGGGGGGGGGG	TRGV2*00(1251)		TRGJP2*00(285)	TRGC2*00(460),TRGC1*00(432)	282|299|320|0|17||85.0		23|46|80|16|39||115.0	;	tcttccaacttggaagggagaacgaagtcagtcatcaggcagactgggtcatctgctgaaatcacttgtgatcttgct		gaaggaagtaacggctac		atccactggtacctacaccaggaggggaaggccccacagcgtcttcagtac		tatgactcctacaactccaaggtt		gtgttggaatcaggagtcagtccagggaagtattatacttacgcaagcacaaggaacaacttgagattgatactgcgaaatctaattgaaaatgactttggggtctattac		TGTGCCACCTGGGACGGTAGTGATTGGATCAAGACGTTT	38	gcaaaagggactaggctcatagtaacttcgcctg		ssnlegrtksvirqtgssaeitcdla	egsngy	ihwylhqegkapqrlqy	ydsynskv	vlesgvspgkyytyastrnnlrlilrnliendfgvyy	CATWDGSDWIKTF	akgtrlivtsp_	:::::::::0:-1:17:::::16:-3:39:::
3200	1.0	0.00015229972586049346	TGTGCCACCTGGGACGGTACCAATTGGATCAAGACGTTT	HHHHHHHHHHHHHHHHHHHHHHHHHHHHHHHHHHHHHHH	TRGV2*00(1246)		TRGJP2*00(255)	TRGC2*00(465),TRGC1*00(437)	282|299|320|0|17||85.0		29|46|80|22|39||85.0	;	tcttccaacttggaagggagaacgaagtcagtcatcaggcagactgggtcatctgctgaaatcacttgtgatcttgct		gaaggaagtaacggctac		atccactggtacctacaccaggaggggaaggccccacagcgtcttcagtac		tatgactcctacaactccaaggtt		gtgttggaatcaggagtcagtccagggaagtattatacttacgcaagcacaaggaacaacttgagattgatactgcgaaatctaattgaaaatgactttggggtctattac		TGTGCCACCTGGGACGGTACCAATTGGATCAAGACGTTT	39	gcaaaagggactaggctcatagtaacttcgcctg		ssnlegrtksvirqtgssaeitcdla	egsngy	ihwylhqegkapqrlqy	ydsynskv	vlesgvspgkyytyastrnnlrlilrnliendfgvyy	CATWDGTNWIKTF	akgtrlivtsp_	:::::::::0:-1:17:::::22:-9:39:::
3208	1.0	0.00015229972586049346	TGTGCCACCTGGGACACCAATTATTATAAGAAACTCTTT	DDDDDDDDDDDDDDDDDDDDDDDDDDDDDDDDDDDDDDD	TRGV7*00(1232)		TRGJ2*00(246),TRGJ1*00(245)	TRGC2*00(465),TRGC1*00(437)	281|297|319|0|16||80.0		21|42|70|18|39||105.0;21|42|70|18|39||105.0	;	tcttccaacttgcaagggagaaggaagtcagtcaccaggccagctgggtcatctgctgtaatcacttgtgatcttact		gtaataaataccttctac		atccactggtacctgcaccaggcggggaaggccccacagcatcttccatac		tatgacccctactactccagggtt		gtgttggaatcaagaatcagtagaggaaagtattttacttatgcaagcatgaggaggagctggaaattgatactgcaaaatctaattgaaaatgattctggatctattac		TGTGCCACCTGGGACACCAATTATTATAAGAAACTCTTT	35	ggcagtggaacaacacttgttgtcacag		ssnlqgrrksvtrpagssavitcdlt	vintfy	ihwylhqagkapqhlpy	ydpyysrv	vlesrisrgkyftyasmr_eleidtaksn*k*fwiyy	CATWDTNYYKKLF	gsgttlvvt_	:::::::::0:-2:16:::::18:-1:39:::
3210	1.0	0.00015229972586049346	TGTGCCACCTGGGACAGGCGATATTATAAGAAACTCTTT	FFFFFFFFFFFFFFFFFFFFFFFFFFFFFFFFFFFFFFF	TRGV5*00(1271),TRGV3*00(1270)		TRGJ2*00(231),TRGJ1*00(230)	TRGC2*00(465),TRGC1*00(437)	282|301|320|0|19||95.0;282|301|320|0|19||95.0		24|42|70|21|39||90.0;24|42|70|21|39||90.0	;	tcttccaacttggaagggggaacgaagtcagtcacgaggccgactaggtcatctgctgaaatcacttgtgaccttact		gtaataaatgccttctac		atccactggtacctacaccaggaggggaaggccccacagcgtcttctgtac		tatgacgtctccaactcaaaggat		gtgttggaatcaggactcagtccaggaaagtattatactcatacacccaggaggtggagctggatattgatactacgaaatctaattgaaaatgattctggggtctattac		TGTGCCACCTGGGACAGGCGATATTATAAGAAACTCTTT	37	ggcagtggaacaacacttgttgtcacag		ssnleggtksvtrptrssaeitcdlt	vinafy	ihwylhqegkapqrlly	ydvsnskd	vlesglspgkyythtprrwswililrnliendsgvyy	CATWDRRYYKKLF	gsgttlvvt_	:::::::::0:1:19:::::21:-4:39:::
3978	1.0	0.00015229972586049346	TGTGCCACCTGGGACGGGCCTTGGAAGAAACTCTTT	FFFFFFFFFFFFFFFFFFFFFFFFFFFFFFFFFFFF	TRGV2*00(1266)		TRGJ2*00(201),TRGJ1*00(200)	TRGC2*00(446),TRGC1*00(418)	282|302|320|0|20||100.0		30|42|70|24|36||60.0;30|42|70|24|36||60.0	;	tcttccaacttggaagggagaacgaagtcagtcatcaggcagactgggtcatctgctgaaatcacttgtgatcttgct		gaaggaagtaacggctac		atccactggtacctacaccaggaggggaaggccccacagcgtcttcagtac		tatgactcctacaactccaaggtt		gtgttggaatcaggagtcagtccagggaagtattatacttacgcaagcacaaggaacaacttgagattgatactgcgaaatctaattgaaaatgactttggggtctattac		TGTGCCACCTGGGACGGGCCTTGGAAGAAACTCTTT	37	ggcagtggaacaacacttgttgtcacag		ssnlegrtksvirqtgssaeitcdla	egsngy	ihwylhqegkapqrlqy	ydsynskv	vlesgvspgkyytyastrnnlrlilrnliendfgvyy	CATWDGPWKKLF	gsgttlvvt_	:::::::::0:2:20:::::24:-10:36:::
3980	1.0	0.00015229972586049346	TGTGCCACCTGGGACGGTAAGGTCAAGAAACTCTTT	DDDDDDDDDDDDDDDDDDDDDDDDDDDDDDDDDDDD	TRGV2*00(1251)		TRGJ2*00(201),TRGJ1*00(200)	TRGC2*00(451),TRGC1*00(423)	282|299|320|0|17||85.0		30|42|70|24|36||60.0;30|42|70|24|36||60.0	;	tcttccaacttggaagggagaacgaagtcagtcatcaggcagactgggtcatctgctgaaatcacttgtgatcttgct		gaaggaagtaacggctac		atccactggtacctacaccaggaggggaaggccccacagcgtcttcagtac		tatgactcctacaactccaaggtt		gtgttggaatcaggagtcagtccagggaagtattatacttacgcaagcacaaggaacaacttgagattgatactgcgaaatctaattgaaaatgactttggggtctattac		TGTGCCACCTGGGACGGTAAGGTCAAGAAACTCTTT	35	ggcagtggaacaacacttgttgtcacag		ssnlegrtksvirqtgssaeitcdla	egsngy	ihwylhqegkapqrlqy	ydsynskv	vlesgvspgkyytyastrnnlrlilrnliendfgvyy	CATWDGKVKKLF	gsgttlvvt_	:::::::::0:-1:17:::::24:-10:36:::
3984	1.0	0.00015229972586049346	TGTGCCACCTGGGATAGGCCTTGGAAGAAACTCTTT	FFFFFFFFFFFFFFFFFFFFFFFFFFFFFFFFFFFF	TRGV8*00(1280)		TRGJ2*00(201),TRGJ1*00(200)	TRGC2*00(460),TRGC1*00(432)	282|303|320|0|21||105.0		30|42|70|24|36||60.0;30|42|70|24|36||60.0	;	tcttccaacttggaagggagaacaaagtcagtcaccaggccaactgggtcatcagctgtaatcacttgtgatcttcct		gtagaaaatgccgtctac		acccactggtacctacaccaggaggggaaggccccacagcgtcttctgtac		tatgactcctacaactccagggtt		gtgttggaatcaggaatcagtcgagaaaagtatcatacttatgcaagcacagggaagagccttaaatttatactggaaaatctaattgaacgtgactctggggtctattac		TGTGCCACCTGGGATAGGCCTTGGAAGAAACTCTTT	37	ggcagtggaacaacacttgttgtcacag		ssnlegrtksvtrptgssavitcdlp	venavy	thwylhqegkapqrlly	ydsynsrv	vlesgisrekyhtyastgkslkfilenlierdsgvyy	CATWDRPWKKLF	gsgttlvvt_	:::::::::0:3:21:::::24:-10:36:::
3991	1.0	0.00015229972586049346	TGTGCCTTGTGGGAGTTGTTTTATAAGAAACTCTTT	GGGGGGGGGGGGGGGGGGGGGGGGGGGGGGGGGGGG	TRGV9*00(1271)		TRGJ2*00(221),TRGJ1*00(220)	TRGC2*00(465),TRGC1*00(437)	288|306|326|0|18|SG303T|76.0		26|42|70|20|36||80.0;26|42|70|20|36||80.0	;	gcaggtcacctagagcaacctcaaatttccagtactaaaacgctgtcaaaaacagcccgcctggaatgtgtggtgtct		ggaataacaatttctgcaacatct		gtatattggtatcgagagagacctggtgaagtcatacagttcctggtgtcc		atttcatatgacggcactgtc		agaaaggaatccggcattccgtcaggcaaatttgaggtggataggatacctgaaacgtctacatccactctcaccattcacaatgtagagaaacaggacatagctacctactac		TGTGCCTTGTGGGAGTTGTTTTATAAGAAACTCTTT	38	ggcagtggaacaacacttgttgtcacag		aghleqpqisstktlsktarlecvvs	gitisats	vywyrerpgeviqflvs	isydgtv	rkesgipsgkfevdripetststltihnvekqdiatyy	CALWELFYKKLF	gsgttlvvt_	:::::::::0:0:18:::::20:-6:36:::
3994	1.0	0.00015229972586049346	TGTGCCTTGTGGGAGGATTATTATAAGAAACTCTTT	FFFFFFFFFFFFFFFFFFFFFFFFFFFFFFFFFFFF	TRGV9*00(1280)		TRGJ2*00(241),TRGJ1*00(240)	TRGC2*00(460),TRGC1*00(432)	288|304|326|0|16||80.0		22|42|70|16|36||100.0;22|42|70|16|36||100.0	;	gcaggtcacctagagcaacctcaaatttccagtactaaaacgctgtcaaaaacagcccgcctggaatgtgtggtgtct		ggaataacaatttctgcaacatct		gtatattggtatcgagagagacctggtgaagtcatacagttcctggtgtcc		atttcatatgacggcactgtc		agaaaggaatccggcattccgtcaggcaaatttgaggtggataggatacctgaaacgtctacatccactctcaccattcacaatgtagagaaacaggacatagctacctactac		TGTGCCTTGTGGGAGGATTATTATAAGAAACTCTTT	37	ggcagtggaacaacacttgttgtcacag		aghleqpqisstktlsktarlecvvs	gitisats	vywyrerpgeviqflvs	isydgtv	rkesgipsgkfevdripetststltihnvekqdiatyy	CALWEDYYKKLF	gsgttlvvt_	:::::::::0:-2:16:::::16:-2:36:::
4018	1.0	0.00015229972586049346	TGTGCCACCTGGGACGCATATTATAAGAAACTCTTT	EEEEEEEEEEEEEEEEEEEEEEEEEEEEEEEEEEEE	TRGV2*00(1232)		TRGJ2*00(231),TRGJ1*00(230)	TRGC2*00(465),TRGC1*00(437)	282|298|320|0|16||80.0		24|42|70|18|36||90.0;24|42|70|18|36||90.0	;	tcttccaacttggaagggagaacgaagtcagtcatcaggcagactgggtcatctgctgaaatcacttgtgatcttgct		gaaggaagtaacggctac		atccactggtacctacaccaggaggggaaggccccacagcgtcttcagtac		tatgactcctacaactccaaggtt		gtgttggaatcaggagtcagtccagggaagtattatacttacgcaagcacaaggaacaacttgagattgatactgcgaaatctaattgaaaatgactttggggtctattac		TGTGCCACCTGGGACGCATATTATAAGAAACTCTTT	36	ggcagtggaacaacacttgttgtcacag		ssnlegrtksvirqtgssaeitcdla	egsngy	ihwylhqegkapqrlqy	ydsynskv	vlesgvspgkyytyastrnnlrlilrnliendfgvyy	CATWDAYYKKLF	gsgttlvvt_	:::::::::0:-2:16:::::18:-4:36:::
4631	1.0	0.00015229972586049346	TGTGCCTTGTGGGAGGTGCAGGAGAAACTCTTT	CCCCCCCCCCCCCCCCCCCCCCCCCCCCCCCCC	TRGV9*00(1295)		TRGJ2*00(196),TRGJ1*00(195)	TRGC2*00(460),TRGC1*00(432)	288|308|326|0|20||100.0		31|42|70|22|33||55.0;31|42|70|22|33||55.0	;	gcaggtcacctagagcaacctcaaatttccagtactaaaacgctgtcaaaaacagcccgcctggaatgtgtggtgtct		ggaataacaatttctgcaacatct		gtatattggtatcgagagagacctggtgaagtcatacagttcctggtgtcc		atttcatatgacggcactgtc		agaaaggaatccggcattccgtcaggcaaatttgaggtggataggatacctgaaacgtctacatccactctcaccattcacaatgtagagaaacaggacatagctacctactac		TGTGCCTTGTGGGAGGTGCAGGAGAAACTCTTT	34	ggcagtggaacaacacttgttgtcacag		aghleqpqisstktlsktarlecvvs	gitisats	vywyrerpgeviqflvs	isydgtv	rkesgipsgkfevdripetststltihnvekqdiatyy	CALWEVQEKLF	gsgttlvvt_	:::::::::0:2:20:::::22:-11:33:::
4638	1.0	0.00015229972586049346	TGTGCCGTACATGATTATTATAAGAAACTCTTT	FFFFFFFFFFFFFFFFFFFFFFFFFFFFFFFFF	TRGV2*00(1191)		TRGJ2*00(241),TRGJ1*00(240)	TRGC2*00(446),TRGC1*00(418)	282|288|320|0|6||30.0		22|42|70|13|33||100.0;22|42|70|13|33||100.0	;	tcttccaacttggaagggagaacgaagtcagtcatcaggcagactgggtcatctgctgaaatcacttgtgatcttgct		gaaggaagtaacggctac		atccactggtacctacaccaggaggggaaggccccacagcgtcttcagtac		tatgactcctacaactccaaggtt		gtgttggaatcaggagtcagtccagggaagtattatacttacgcaagcacaaggaacaacttgagattgatactgcgaaatctaattgaaaatgactttggggtctattac		TGTGCCGTACATGATTATTATAAGAAACTCTTT	37	ggcagtggaacaacacttgttgtcacag		ssnlegrtksvirqtgssaeitcdla	egsngy	ihwylhqegkapqrlqy	ydsynskv	vlesgvspgkyytyastrnnlrlilrnliendfgvyy	CAVHDYYKKLF	gsgttlvvt_	:::::::::0:-12:6:::::13:-2:33:::
4671	1.0	0.00015229972586049346	TGTGCCACCTGGGACGGGCAAAAGAAACTCTTT	EEEEEEEEEEEEEEEEEEEEEEEEEEEEEEEEE	TRGV2*00(1261)		TRGJ2*00(201),TRGJ1*00(200)	TRGC2*00(451),TRGC1*00(423)	282|301|320|0|19||95.0		30|42|70|21|33||60.0;30|42|70|21|33||60.0	;	tcttccaacttggaagggagaacgaagtcagtcatcaggcagactgggtcatctgctgaaatcacttgtgatcttgct		gaaggaagtaacggctac		atccactggtacctacaccaggaggggaaggccccacagcgtcttcagtac		tatgactcctacaactccaaggtt		gtgttggaatcaggagtcagtccagggaagtattatacttacgcaagcacaaggaacaacttgagattgatactgcgaaatctaattgaaaatgactttggggtctattac		TGTGCCACCTGGGACGGGCAAAAGAAACTCTTT	36	ggcagtggaacaacacttgttgtcacag		ssnlegrtksvirqtgssaeitcdla	egsngy	ihwylhqegkapqrlqy	ydsynskv	vlesgvspgkyytyastrnnlrlilrnliendfgvyy	CATWDGQKKLF	gsgttlvvt_	:::::::::0:1:19:::::21:-10:33:::
4909	1.0	0.00015229972586049346	TGTGCCACCTGGGACATCGGGAAACTCTTT	EEEEEEEEEEEEEEEEEEEEEEEEEEEEEE	TRGV3*00(1265),TRGV5*00(1120)		TRGJ2*00(191),TRGJ1*00(190)	TRGC2*00(465),TRGC1*00(437)	282|298|320|0|16||80.0;282|298|320|0|16||80.0		32|42|70|20|30||50.0;32|42|70|20|30||50.0	;	tcttccaacttggaagggagaacgaagtcagtcaccaggcagactgggtcatctgctgaaatcacttgcgatcttact		gtaacaaataccttctac		atccactggtacctacaccaggaggggaaggccccacagcgtcttctgtac		tatgacgtctccaccgcaagggat		gtgttggaatcaggactcagtccaggaaagtattatactcatacacccaggaggtggagctggatattgagactgcaaaatctaattgaaaatgattctggggtctattac		TGTGCCACCTGGGACATCGGGAAACTCTTT	36	ggcagtggaacaacacttgttgtcacag		ssnlegrtksvtrqtgssaeitcdlt	vtntfy	ihwylhqegkapqrlly	ydvstard	vlesglspgkyythtprrwswilrlqnliendsgvyy	CATWDIGKLF	gsgttlvvt_	:::::::::0:-2:16:::::20:-12:30:::
4961	1.0	0.00015229972586049346	TGTGCCACCTGGGAAAGAGAGAAACTCTTT	EEEEEEEEEEEEEEEEEEEEEEEEEEEEEE	TRGV7*00(1227)		TRGJ2*00(196),TRGJ1*00(195)	TRGC2*00(446),TRGC1*00(418)	281|298|319|0|17|SC295A|71.0		31|42|70|19|30||55.0;31|42|70|19|30||55.0	;	tcttccaacttgcaagggagaaggaagtcagtcaccaggccagctgggtcatctgctgtaatcacttgtgatcttact		gtaataaataccttctac		atccactggtacctgcaccaggcggggaaggccccacagcatcttccatac		tatgacccctactactccagggtt		gtgttggaatcaagaatcagtagaggaaagtattttacttatgcaagcatgaggaggagctggaaattgatactgcaaaatctaattgaaaatgattctggatctattac		TGTGCCACCTGGGAAAGAGAGAAACTCTTT	36	ggcagtggaacaacacttgttgtcacag		ssnlqgrrksvtrpagssavitcdlt	vintfy	ihwylhqagkapqhlpy	ydpyysrv	vlesrisrgkyftyasmr_eleidtaksn*k*fwiyy	CATWEREKLF	gsgttlvvt_	:::::::::0:-1:17:::::19:-11:30:::
4963	1.0	0.00015229972586049346	TGTGCCTTGTGGGTTTATAAGAAACTCTTT	BBBBBBBBBBBBBBBBBBBBBBBBBBBBBB	TRGV9*00(1265)		TRGJ2*00(221),TRGJ1*00(220)	TRGC2*00(460),TRGC1*00(432)	288|301|326|0|13||65.0		26|42|70|14|30||80.0;26|42|70|14|30||80.0	;	gcaggtcacctagagcaacctcaaatttccagtactaaaacgctgtcaaaaacagcccgcctggaatgtgtggtgtct		ggaataacaatttctgcaacatct		gtatattggtatcgagagagacctggtgaagtcatacagttcctggtgtcc		atttcatatgacggcactgtc		agaaaggaatccggcattccgtcaggcaaatttgaggtggataggatacctgaaacgtctacatccactctcaccattcacaatgtagagaaacaggacatagctacctactac		TGTGCCTTGTGGGTTTATAAGAAACTCTTT	33	ggcagtggaacaacacttgttgtcacag		aghleqpqisstktlsktarlecvvs	gitisats	vywyrerpgeviqflvs	isydgtv	rkesgipsgkfevdripetststltihnvekqdiatyy	CALWVYKKLF	gsgttlvvt_	:::::::::0:-5:13:::::14:-6:30:::
5012	1.0	0.00015229972586049346	TGTGGCTCTTATTATAAGAAACTCTTT	EEEEEEEEEEEEEEEEEEEEEEEEEEE	TRGV4*00(1195)		TRGJ2*00(236),TRGJ1*00(235)	TRGC2*00(465),TRGC1*00(437)	282|286|320|0|4||20.0		23|42|70|8|27||95.0;23|42|70|8|27||95.0	;	tcttccaacttggaagggagaacgaagtcagtcatcaggcagactgggtcatctgctgaaatcacttgtgatcttgct		gaaggaagtaccggctac		atccactggtacctacaccaggaggggaaggccccacagcgtcttctgtac		tatgactcctacacctccagcgtt		gtgttggaatcaggaatcagcccagggaagtatgatacttacggaagcacaaggaagaacttgagaatgatactgcgaaatcttattgaaaatgactctggagtctattac		TGTGGCTCTTATTATAAGAAACTCTTT	36	ggcagtggaacaacacttgttgtcacag		ssnlegrtksvirqtgssaeitcdla	egstgy	ihwylhqegkapqrlly	ydsytssv	vlesgispgkydtygstrknlrmilrnliendsgvyy	CGSYYKKLF	gsgttlvvt_	:::::::::0:-14:4:::::8:-3:27:::
5037	1.0	0.00015229972586049346	TGTGCCACCTGGGATAGGAAACTCTTT	EEEEEEEEEEEEEEEEEEEEEEEEEEE	TRGV4*00(1256)		TRGJ2*00(191),TRGJ1*00(190)	TRGC1*00(451),TRGC2*00(423)	282|300|320|0|18|SG297A|76.0		28|42|70|13|27|SA31G|56.0;28|42|70|13|27|SA31G|56.0	;	tcttccaacttggaagggagaacgaagtcagtcatcaggcagactgggtcatctgctgaaatcacttgtgatcttgct		gaaggaagtaccggctac		atccactggtacctacaccaggaggggaaggccccacagcgtcttctgtac		tatgactcctacacctccagcgtt		gtgttggaatcaggaatcagcccagggaagtatgatacttacggaagcacaaggaagaacttgagaatgatactgcgaaatcttattgaaaatgactctggagtctattac		TGTGCCACCTGGGATAGGAAACTCTTT	36	ggcagtggaacaacacttgttgtcacag		ssnlegrtksvirqtgssaeitcdla	egstgy	ihwylhqegkapqrlly	ydsytssv	vlesgispgkydtygstrknlrmilrnliendsgvyy	CATWDRKLF	gsgttlvvt_	:::::::::0:0:18:::::13:-8:27:::
